mutated_sequence,activity_dp7
ATAPSIKSGTILHAWNWSFNTLKHNMKDIHDAGYTAIQTSPIMQVKEGNQGDKSMSNWYWLYQPTSYQIGNRYLGTEQEFKEMCAAAEEYGIKVIVDAVLNHTTSDYAAISNEVKSIPNWTHGNTPIKNWSDRWDVTQHSLLGLYDWNTQNTQVQSYLKRFLDRALNDGADGFRFDAAKHIELPDDGSYGSQFWPNITNTSAEFQYGEILQDSVSRDAAYANYMDVTASNYGHSIRSALKNRNLGVSNISHYAIDVSADKLVTWVESHDTYANDDEESTWMSDDDIRLGWAVIASRSGSTPLFFSRPEGGGNGVRFPGKSQIGDRGSALFEDQAITAVNRFHNVMAGQPEELSNPNGNNQIFMNQRGSHGVVLANAGSSSVSINTATKLPDGRYDNKAGAGSFQVNDGKLTGTINARSVAVLYAD,10.55265527
ATAPSIKSGTILHAWNWSFNTLKHNMKDIHDAGYTAIQTSPIMQVKEGNQGDKSMSNWYWLYQPTSYHIGNRYLGTEQEFKEMCAAAEEYGIKVIVDAVLNHTTSDYAAISNEVKSIPNWTHGNTPIKNWSDRWDVTQHSLLGLYDWNTQNTQVQSYLKRFLDRALNDGADGFRFDAAKHIELPDDGSYGSQFWPNITNTSAEFQYGEILQDSVSRDAAYANYMDITASNYGHSIRSALKNRNLGVSNISHYAIDVSADKLVTWVESHDTYANDDEESTWMSDDDIRLGWAVIASRSGSTPLFFSRPEGGGNGVRFPGKSQIGDRGSALFEDQAITAVNRFHNVMAGQPEELSNPNGNNQIFMNQRGSHGVVLANAGSSSVSINTATKLPDGRYDNKAGAGSFQVNDGKLTGTINARSVAVLYPD,9.338324588
ATAPSIKSGTILHAWNWSFNTLKHNMKDIHDAGYTAIQTSPIMQVKEGNQGDKSMSNWYWLYQPTSYQIGNRYLGTEQEFKEMCAAAEEYGIKVIVDAVLNHTTSDYAAISNEVKSIPNWTHGNTPIKNWSDRWDVTQNSLLGLYDWNTQNTQVQSYLKRFLDRALNDGADGFRFDAAKHIELPDDGSYGSQFWPNITNTSAEFQYGEILQDSVSRDAAYANYMDVTASNYGHSIRSALKNRNLGVSNISHYAIDVSADKLVTWVESHDTYANDDEESTWMSDDDIRLGWAVIASRSGSTPLFFSRPEGGGNGVRFPGKSQIGDRGSALFEDQAITAVNRFHNVMAGQPEELSNPNGNNQIFMNQRGSHGVVLANAGSSSVSINTATKLPDGRYDNKAGAGSFQVNDGKLTGTINARSVAVLYPD,8.289413558
ATAPSIKSGTILHAWNWSFNTLKHNMKDIHDAGYTAIQTSPIMQVKEGNQGDKSMSNWYWLYQPTSYQIGNRYLGTEQEFKEMCAAAEEYGIKVIVDAVLNHTTSDYAAISNEVKSIPNWTHGNTPIKNWSDRWDVTQHSLLGLYDWNTQNTQVQSYLKRFLDRALNDGADGFRFDAAKHIELPDDGSYGSQFWPNITNTSAEFQYGEILQDSVSRDAAYANYMDVTASNYGHSIRSALKNRNLGVSNISHYAIDVSADKLVTWVESHDTYANDDIESTWMSDDDIRLGWAVIASRSGSTPLFFSRPEGGGNGVRFPGKSQIGDRGSALFEDQAITAVNRFHNVMAGQPEELSNPNGVNQIFMNQRGSHGVVLANAGSSSVSINTATKLPDGRYDNKAGAGMFQVNDGKLTGTINARSVAVLYPD,7.007689209
ATAPSIKSGTILHAWNWSFNTLKHNMKDIHDAGYTAIQTSPIMQVKEGNQGDKSMSNWYWLYQPTSYHIGNRYLGTEQEFKEMCAAAEEYGIKVIVDAVLNHTTSDYAAISNEVKSIPNWTHGNTPIKNWSDRWDVTQHSLLGLYDWNTQNTQVQSYLKRFLDRALNDGADGFRFDAAKHIELPDDGSYGSQFWPNITNTSAEFQYGEILQDSVSRDAAYANYMDVTASNYGHSIRSALKNRNLGVSNISHYAIDVSADKLVTWVESHDTYANDDEESTWMSDDDIRLGWAVIASRSGSTPLFFSRPEGGGNGVRFPGKSQIGDRGSALFEDQAITAVNRFHNVMAGQPEELSNPNGNNQIFMNQRGSHGVVLANAGSSSVSINTATKLPDGRYDNKAGAGSFQVNDGKLTGTINARSVAVLYPD,6.89856678
ATAPSIKSGTILHAWNWSFNTLKHNMKDIHDAGYTAIQTSPIMQVKEGNQGDKSMSNWYWLYQPTSYQIGNRYLGTEQEFKEMCAAAEEYGIKVIVDAVLNHTTSDYAAISNEVKSIPNWTHGNTPIKNWSDRWDVTQHSLLGLYDWNTQNTQVQSYLKRFLDRALNDGADGFRFDAAKHIELPDDGSYGSQFWPNITNTSAEFQYGEILQDSVSRDAAYANYMDVTASNYGHSIRSALKNRNLGVSNISHYAIDVSADKLVTWVESHDTYANDDEESTWMSDDDIRLGWAVIASRSGSTPLFFSRPEGGGNGVRFPGKSQIGDRGSALFEDQAITAVNRFHNVMAGQPEELSNPNGNNQIFMNQRGSHGVVLANAGSSSVSINTATKLPDGRYDNKAGAGSFQVNDGKLTGTINARSVAVLYPD,6.493941711
ATAPSIKSGTILHAWNWSFNTLKHNMKDIHDAGYTAIQTSPINQVKEGNQGDKSMSNWYWLYQPTSYQIGNRYLGTEQEFKEMCAAAEEYGIKVIVDAVLNHTTSDYAAISNEVKSIPNWTHGNTPIKNWSDRWDVTQNSLLGLYDWNTQNTQVQSYLKRFLDRALNDGADGFRFDAAKHIELPDDGSYGSQFWPNITNTSAEFQYGEILQDSVSRDAAYANYMDVTASNYGHSIRSALKNRNLGVSNISHYAIDVSADKLVTWVESHDTYANDDEESTWMSDDDIRLGWAVIASRSGSTPLFFSRPEGGGNGVRFPGKSQIGDRGSALFEDQAITAVNRFHNVMAGQPEELSNPNGNNQIFMNQRGSHGVVLANAGSSSVSINTATKLPDGRYDNKAGAGMFQVNDGKLTGTINARSVAVLYPD,6.463779859
ATAPSIKSGTILHAWNWSFNTLKHNMKDIHDAGYTAIQTSPIMQVKEGNQGDKSMSNWYWLYQPTSYQIGNRYLGTEQEFKEMCAAAEEYGIKVIVDAVLNHTTSDYAAISNEVKSIPNWTHGNTPIKNWSDRWDVTQHSLLGLYDWNTQNTQVQSYLKRFLDRALNDGADGFRFDAAKHIELPDDGSYGSQFWPNITNTSAEFQYGEILQDSVSRDAAYANYMDITASNYGHSIRSALKNRNLGVSNISHYAIDVSADKLVTWVESHDTYANDDEESTWMSDDDIRLGWAVIASRSGSTPLFFSRPEGGGNGVRFPGKSQIGDRGSALFEDQAITAVNRFHNVMAGQPEELSNPNGNNQIFMNQRGSHGVVLANAGSSSVSINTATKLPDGRYDNKAGAGSFQVNDGKLTGTINARSVAVLYPD,5.79036828
ATAPSIKSGTILHAWNWSFNTLKHNMKDIHDAGYTAIQTSPINQVKEGNQGDKSMSNWYWLYQPTSYHIGNRYLGTEQEFKEMCAAAEEYGIKVIVDAVLNHTTSDYAAISNEVKSIPNWTHGNTPIKNWSDRWDVTQNSLLGLYDWNTQNTQVQSYLKRFLDRALNDGADGFRFDAAKHIELPDDGSYGSQFWPNITNTSAEFQYGEILQDSVSRDAAYANYMDITASNYGHSIRSALKNRNLGVSNISHYAIDVSADKLVTWVESHDTYANDDEESTWMSDDDIRLGWAVIASRSGSTPLFFSRPEGGGNGVRFPGKSQIGDRGSALFEDQAITAVNRFHNVMAGQPEELSNPNGNNQIFMNQRGSHGVVLANAGSSSVSINTATKLPDGRYDNKAGAGMFQVNDGKLTGTINARSVAVLYPD,5.623229471
ATAPSIKSGTILHAWNWSFNTLKHNMKDIHDAGYTAIQTSPIMQVKEGNQGDKSMSNWYWLYQPTSYHIGNRYLGTEQEFKEMCAAAEEYGIKVIVDAVLNHTTSDYAAISNEVKSIPNWTHGNTPIKNWSDRWDVTQNSLLGLYDWNTQNTQVQSYLKRFLDRALNDGADGFRFDAAKHIELPDDGSYGSQFWPNITNTSAEFQYGEILQDSVSRDAAYANYMDVTASNYGYSIRSALKNRNLGVSNISHYAIDVSADKLVTWVESHDTYANDDEESTWMSDDDIRLGWAVIASRSGSTPLFFSRPEGGGNGVRFPGKSQIGDRGSALFEDQAITAVNRFHNVMAGQPEELSNPNGNNQIFMNQRGSHGVVLANAGSSSVSINTATKLPDGRYDNKAGAGSFQVNDGKLTGTINARSVAVLYPD,5.569618504
ATAPSIKSGTILHAWNWSFNTLKHNMKDIHDAGYTAIQTSPINQVKEGNQGDKSMSNWYWLYQPTSYQIGNRYLGTEQEFKEMCAAAEEYGIKVIVDAVLNHTTSDYAAISNEVKSIPNWTHGNTPIKNWSDRWDVTQHSLLGLYDWNTQNTQVQSYLKRFLDRALNDGADGFRFDAAKHIELPDDGSYGSQFWPNITNTSAEFQYGEILQDSVSRDAAYANYMDITASNYGHSIRSALKNRNLGVSNISHYAIDVSADKLVTWVESHDTYANDDEESTWMSDDDIRLGWAVIASRSGSTPLFFSRPEGGGNGVRFPGKSQIGDRGSALFEDQAITAVNRFHNVMAGQPEELSNPNGNNQIFMNQRGSHGVVLANAGSSSVSINTATKLPDGRYDNKAGAGSFQVNDGKLTGTINARSVAVLYPD,5.134763266
ATAPSIKSGTILHAWNWSFNTLKHNMKDIHDAGYTAIQTSPIMQVKEGNQGDKSMSNWYWLYQPTSYQIGNRYLGTEQEFKEMCAAAEEYGIKVIVDAVLNHTTSDYAAISNEVKSIPNWTHGNTPIKNWSDRWDVTQNSLYGLYDWNTQNTQVQSYLKRFLDRALNDGADGFRFDAAKHIELPDDGSYGSQFWPNITNTSAEFQYGEILQDSVSRDAAYANYMDVTASNYGHSIRSALKNRNLGVSNISHYAIDVSADKLVTWVESHDTYANDDEESTWMSDDDIRLGWAVIASRSGSTPLFFSRPEGGGNGVRFPGKSQIGDRGSALFEDQAITAVNRFHNVMAGQPEELSNPNGNNQIFMNQRGSHGVVLANAGSSSVSINTATKLPDGRYDNKAGAGSFQVNDGKLTGTINARSVAVLYPD,5.119296553
ATAPSIKSGTILHAWNWSFNTLKHNMKDIHDAGYTAIQTSPIMQVKEGNQGDKSMSNWYWLYQPTSYQIGNRYLGTEQEFKEMCAAAEEYGIKVIVDAVLNHTTSDYAAISNEVKSIPNWTHGNTPIKNWSDRWDVTQHSLYGLYDWNTQNTQVQSYLKRFLDRALNDGADGFRFDAAKHIELPDDGSYGSQFWPNITNTSAEFQYGEILQDSVSRDAAYANYMDVTASNYGHSIRSALKNRNLGVSNISHYAIDVSADKLVTWVESHDTYANDDEESTWMSDDDIRLGWAVIASRSGSTPLFFSRPEGGGNGVRFPGKSQIGDRGSALFEDQAITAVNRFHNVMAGQPEELSNPNGNNQIFMNQRGSHGVVLANAGSSSVSINTATKLPDGRYDNKAGAGSFQVNDGKLTGTINARSVAVLYPD,5.070276264
ATAPSIKSGTILHAWNWSFNTLKHNMKDIHDAGYTAIQTSPIMQVKEGNQGDKSMSNWYWLYQPTSYHIGNRYLGTEQEFKEMCAAAEEYGIKVIVDAVLNHTTSDYAAISNEVKSIPNWTHGNTPIKNWSDRWDVTQHSLYGLYDWNTQNTQVQSYLKRFLDRALNDGADGFRFDAAKHIELPDDGSYGSQFWPNITNTSAEFQYGEILQDSVSRDAAYANYMDVTASNYGHSIRSALKNRNLGVSNISHYAIDVSADKLVTWVESHDTYANDDEESTWMSDDDIRLGWAVIASRSGSTPLFFSRPEGGGNGVRFPGKSQIGDRGSALFEDQAITAVNRFHNVMAGQPEELSNPNGNNQIFMNQRGSHGVVLANAGSSSVSINTATKLPDGRYDNKAGAGMFQVNDGKLTGTINARSVAVLYPD,5.048968043
ATAPSIKSGTILHAWNWSFNTLKHNMKDIHDAGYTAIQTSPINQVKEGNQGDKSMSNWYWLYQPTSYHIGNRYLGTEQEFKEMCAAAEEYGIKVIVDAVLNHTTSDYAAISNEVKSIPNWTHGNTPIKNWSDRWDVTQNSLLGLYDWNTQNTQVQSYLKRFLDRALNDGADGFRFDAAKHIELPDDGSYGSQFWPNITNTSAEFQYGEILQDSVSRDAAYANYMDITASNYGHSIRSALKNRNLGVSNISHYAIDVSADKLVTWVESHDTYANDDEESTWMSDDDIRLGWAVIASRSGSTPLFFSRPEGGGNGVRFPGKSQIGDRGSALFEDQAITAVNRFHNVMAGQPEELSNPNGNNQIFMNQRGSHGVVLANAGSSSVSINTATKLPDGRYDNKAGAGSFQVNDGKLTGTINARSVAVLYPD,4.973290178
ATAPSIKSGTILHAWNWSFNTLKHNMKDIHDAGYTAIQTSPINQVKEGNQGDKSMSNWYWLYQPTSYHIGNRYLGTEQEFKEMCAAAEEYGIKVIVDAVLNHTTSDYAAISNEVKSIPNWTHGNTPIKNWSDRWDVTQHSLLGLYDWNTQNTQVQSYLKRFLDRALNDGADGFRFDAAKHIELPDDGSYGSQFWPNITNTSAEFQYGEILQDSVSRDAAYANYMDVTASNYGHSIRSALKNRNLGVSNISHYAIDVSADKLVTWVESHDTYANDDEESTWMSDDDIRLGWAVIASRSGSTPLFFSRPEGGGNGVRFPGKSQIGDRGSALFEDQAITAVNRFHNVMAGQPEELSNPNGNNQIFMNQRGSHGVVLANAGSSSVSINTATKLPDGRYDNKAGAGSFQVNDGKLTGTINARSVAVLYPD,4.830367658
ATAPSIKSGTILHAWNWSFNTLKHNMKDIHDAGYTAIQTSPINQVKEGNQGDKSMSNWYWLYQPTSYHIGNRYLGTEQEFKEMCAAAEEYGIKVIVDAVLNHTTSDYAAISNEVKSIPNWTHGNTPIKNWSDRWDVTQNSLYGLYDWNTQNTQVQSYLKRFLDRALNDGADGFRFDAAKHIELPDDGSYGSQFWPNITNTSAEFQYGEILQDSVSRDAAYANYMDITASNYGHSIRSALKNRNLGVSNISHYAIDVSADKLVTWVESHDTYANDDEESTWMSDDDIRLGWAVIASRSGSTPLFFSRPEGGGNGVRFPGKSQIGDRGSALFEDQAITAVNRFHNVMAGQPEELSNPNGNNQIFMNQRGSHGVVLANAGSSSVSINTATKLPDGRYDNKAGAGMFQVNDGKLTGTINARSVAVLYPD,4.769728868
ATAPSIKSGTILHAWNWSFNTLKHNMKDIHDAGYTAIQTSPIMQVKEGNQGDKSMSNWYWLYQPTSYHIGNRYLGTEQEFKEMCAAAEEYGIKVIVDAVLNHTTSDYAAISNEVKSIPNWTHGNTPIKNWSDRWDVTQNSLYGLYDWNTQNTQVQSYLKRFLDRALNDGADGFRFDAAKHIELPDDGSYGSQFWPNITNTSAEFQYGEILQDSVSRDAAYANYMDITASNYGHSIRSALKNRNLGVSNISHYAIDVSADKLVTWVESHDTYANDDEESTWMSDDDIRLGWAVIASRSGSTPLFFSRPEGGGNGVRFPGKSQIGDRGSALFEDQAITAVNRFHNVMAGQPEELSNPNGNNQIFMNQRGSHGVVLANAGSSSVSINTATKLPDGRYDNKAGAGSFQVNDGKLTGTINARSVAVLYPD,4.69119989
ATAPSIKSGTILHAWNWSFNTLKHNMKDIHDAGYTAIQTSPINQVKEGNQGDKSMSNWYWLYQPTSYQIGNRYLGTEQEFKEMCAAAEEYGIKVIVDAVLNHTTSDYAAISNEVKSIPNWTHGNTPIKNWSDRWDVTQHSLLGLYDWNTQNTQVQSYLKRFLDRALNDGADGFRFDAAKHIELPDDGSYGSDFWPNITNTSAEFQYGEILQDSVSRDAAYANYMDVTASNYGHSIRSALKNRNLGVSNISHYAIDVSADKLVTWVESHDTYANDDEESTWMSDDDIRLGWAVIASRSGSTPLFFSRPEGGGNGVRFPGKSQIGDRGSALFEDQAITAVNRFHNVMAGQPEELSNPNGNNQIFMNQRGSHGVVLANAGSSSVSINTATKLPDGRYDNKAGAGSFQVNDGKLTGTINARSVAVLYPD,4.675621416
ATAPSIKSGTILHAWNWSFNTLKHNMKDIHDAGYTAIQTSPINQVKEGNQGDKSMSNWYWLYQPTSYQIGNRYLGTEQEFKEMCAAAEEYGIKVIVDAVLNHTTSDYAAISNEVKSIPNWTHGNTPIKNWSDRWDVTQNSLLGLYDWNTQNTQVQSYLKRFLDRALNDGADGFRFDAAKHIELPDDGSYGSQFWPNITNTSAEFQYGEILQDSVSRDAAYANYMDVTASNYGHSIRSALKNRNLGVSNISHYAIDVSADKLVTWVESHDTYANDDEESTWMSDDDIRLGWAVIASRSGSTPLFFSRPEGGGNGVRFPGKSQIGDRGSALFEDQAITAVNRFHNVMAGQPEELSNPNGNNQIFMNQRGSHGVVLANAGSSSVSINTATKLPDGRYDNKAGAGSFQVNDGKLTGTINARSVAVLYPD,4.666897462
ATAPSIKSGTILHAWNWSFNTLKHNMKDIHDAGYTAIQTSPINQVKEGNQGDKSMSNWYWLYQPTSYQIGNRYLGTEQEFKEMCAAAEEYGIKVIVDAVLNHTTSDYAAISNEVKSIPNWTHGNTPIKNWSDRWDVTQNSLYGLYDWNTQNTQVQSYLKRFLDRALNDGADGFRFDAAKHIELPDDGSYGSQFWPNITNTSAEFQYGEILQDSVSRDAAYANYMDVTASNYGHSIRSALKNRNLGVSNISHYAIDVSADKLVTWVESHDTYANDDEESTWMSDDDIRLGWAVIASRSGSTPLFFSRPEGGGNGVRFPGKSQIGDRGSALFEDQAITAVNRFHNVMAGQPEELSNPNGNNQIFMNQRGSHGVVLANAGSSSVSINTATKLPDGRYDNKAGAGMFQVNDGKLTGTINARSVAVLYPD,4.636179698
ATAPSIKSGTILHAWNWSFNTLKHNMKDIHDAGYTAIQTSPIMQVKEGNQGDKSMSNWYWLYQPTSYQIGNRYLGTEQEFKEMCAAAEEYGIKVIVDAVLNHTTSDYAAISNEVKSIPNWTHGNTPIKNWSDRWDVTQNSLYGLYDWNTQNTQVQSYLKRFLDRALNDGADGFRFDAAKHIELPDDGSYGSQFWPNITNTSAEFQYGEILQDSVSRDAAYANYMDVTASNYGHSIRSALKNRNLGVSNISHYAIDVSADKLVTWVESHDTYANDDEESTWMSDDDIRLGWAVIASRSGSTPLFFSRPEGGGNGVRFPGKSQIGDRGSALFEDQAITAVNRFHNVMAGQPEELSNPNGNNQIFMNQRGSHGVVLANAGSSSVSINTATKLPDGRYDNKAGAGMFQVNDGKLTGTINARSVAVLYPD,4.614730888
ATAPSIKSGTILHAWNWSFNTLKHNMKDIHDAGYTAIQTSPIMQVKEGNQGDKSMSNWYWLYQPTSYQIGNRYLGTEQEFKEMCAAAEEYGIKVIVDAVLNHTTSDYAAISNEVKSIPNWTHGNTPIKNWSDRWDVTQHSLYGLYDWNTQNTQVQSYLKRFLDRALNDGADGFRFDAAKHIELPDDGSYGSQFWPNITNTSAEFQYGEILQDSVSRDAAYANYMDVTASNYGHSIRSALKNRNLGVSNISHYAIDVSADKLVTWVESHDTYANDDEESTWMSDDDIRLGWAVIASRSGSTPLFFSRPEGGGNGVRFPGKSQIGDRGSALFEDQAITAVNRFHNVMAGQPEELSNPNGNNQIFMNQRGSHGVVLANAGSSSVSINTATKLPDGRYDNKAGAGMFQVNDGKLTGTINARSVAVLYPD,4.562322951
ATAPSIKSGTILHAWNWSFNTLKHNMKDIHDAGYTAIQTSPIMQVKEGNQGDKSMSNWYWLYQPTSYHIGNRYLGTEQEFKEMCAAAEEYGIKVIVDAVLNHTTSDYAAISNEVKSIPNWTHGNTPIKNWSDRWDVTQNSLLGLYDWNTQNTQVQSYLKRFLDRALNDGADGFRFDAAKHIELPDDGSYGSQFWPNITNTSAEFQYGEILQDSVSRDAAYANYMDVTASNYGHSIRSALKNRNLGVSNISHYAIDVSADKLVTWVESHDTYANDDEESTWMSDDDIRLGWAVIASRSGSTPLFFSRPEGGGNGVRFPGKSQIGDRGSALFEDQAITAVNRFHNVMAGQPEELSNPNGNNQIFMNQRGSHGVVLANAGSSSVSINTATKLPDGRYDNKAGAGMFQVNDGKLTGTINARSVAVLYPD,4.482800491
ATAPSIKSGTILHAWNWSFNTLKHNMKDIHDAGYTAIQTSPINQVKEGNQGDKSMSNWYWLYQPTSYQIGNRYLGTEQEFKEMCAAAEEYGIKVIVDAVLNHTTSDYAAISNEVKSIPNWTHGNTPIKNWSDRWDVTQHSLYGLYDWNTQNTQVQSYLKRFLDRALNDGADGFRFDAAKHIELPDDGSYGSQFWPNITNTSAEFQYGEILQDSVSRDAAYANYMDVTASNYGHSIRSALKNRNLGVSNISHYAIDVSADKLVTWVESHDTYANDDEESTWMSDDDIRLGWAVIASRSGSTPLFFSRPEGGGNGVRFPGKSQIGDRGSALFEDQAITAVNRFHNVMAGQPEELSNPNGNNQIFMNQRGSHGVVLANAGSSSVSINTATKLPDGRYDNKAGAGMFQVNDGKLTGTINARSVAVLYPD,4.470659657
ATAPSIKSGTILHAWNWSFNTLKHNMKDIHDAGYTAIQTSPINQVKEGNQGDKSMSNWYWLYQPTSYQIGNRYLGTEQEFKEMCAAAEEYGIKVIVDAVLNHTTSDYAAISNEVKSIPNWTHGNTPIKNWSDRWDVTQNSLLGLYDWNTQNTQVQSYLKRFLDRALNDGADGFRFDAAKHIELPDDGSYGSQFWPNITNTSAEFQYGEILQDSVSRDAAYANYMDVTASNYGHSIRSALKNRNLGVTNISHYAIDVSADKLVTWVESHDTYANDDEESTWMSDDDIRLGWAVIASRSGSTPLFFSRPEGGGNGVRFPGKSQIGDRGSALFEDQAITAVNRFHNVMAGQPEELSNPNGNNQIFMNQRGSHGVVLANAGSSSVSINTATKLPDGRYDNKAGAGSFQVNDGKLTGTINARSVAVLYPD,4.456276404
ATAPSIKSGTILHAWNWSFNTLKHNMKDIHDAGYTAIQTSPINQVKEGNQGDKSMSNWYWLYQPTSYQIGNRYLGTEQEFKEMCAAAEEYGIKVIVDAVLNHTTSDYAAISNEVKSIPNWTHGNTPIKNWSDRWDVTQNSLYGLYDWNTQNTQVQSYLKRFLDRALNDGADGFRFDAAKHIELPDDGSYGSQFWPNITNTSAEFQYGEILQDSVSRDAAYANYMDVTASNYGHSIRSALKNRNLGVSNISHYAIDVSADKLVTWVESHDTYANDDEESTWMSDDDIRLGWAVIASRSGSTPLFFSRPEGGGNGVRFPGKSQIGDRGSALFEDQAITAVNRFHNVMAGQPEELSNPNGNNQIFMNQRGSHGVVLANAGSSSVSINTATKLPDGRYDNKAGAGSFQVNDGKLTGTINARSVAVLYPD,4.332756353
ATAPSIKSGTILHAWNWSFNTLKHNMKDIHDAGYTAIQTSPINQVKEGNQGDKSMSNWYWLYQPTSYQIGNRYLGTEQEFKEMCAAAEEYGIKVIVDAVLNHTTSDYAAISNEVKSIPNWTHGNTPIKNWSDRWDVTQHSLLGLYDWNTQNTQVQSYLKRFLDRALNDGADGFRFDAAKHIELPDDGSYGSQFWPNITNTSAEFQYGEILQDSVSRDAAYANYMDVTASNYGHSIRSALKNRNLGVSNISHYAIDVSADKLVTWVESHDTYANDDEESTWMSDDDIRLGWAVIASRSGSTPLFFSRPEGGGNGVRFPGKSQIGDRGSALFEDQAITAVNRFHNVMAGQPEELSNPNGNNQIFMNQRGSHGVVLANAGSSSVSINTATKLPDGRYDNKAGAGSFQVNDGKLTGTINARSVAVLYPD,4.135982836
ATAPSIKSGTILHAWNWSFNTLKHNMKDIHDAGYTAIQTSPINQVKEGNQGDKSMSNWYWLYQPTSYQIGNRYLGTEQEFKEMCAAAEEYGIKVIVDAVLNHTTSDYAAISNEVKSIPNWTHGNTPIKNWSDRWDVTQNSLYGLYDWNTQNTQVQSYLKRFLDRALNDGADGFRFDAAKHIELPDDGSYGSQFWPNITNTSAEFQYGEILQDSVSRDAAYANYMDITASNYGHSIRSALKNRNLGVSNISHYAIDVSADKLVTWVESHDTYANDDEESTWMSDDDIRLGWAVIASRSGSTPLFFSRPEGGGNGVRFPGKSQIGDRGSALFEDQAITAVNRFHNVMAGQPEELSNPNGNNQIFMNQRGSHGVVLANAGSSSVSINTATKLPDGRYDNKAGAGSFQVNDGKLTGTINARSVAVLYAD,3.856401023
ATAPSIKSGTILHAWNWSFNTLKHNMKDIHDAGYTAIQTSPINQVKEGNQGDKSMSNWYWLYQPTSYQIGNRYLGTEQEFKEMCAAAEEYGIKVIVDAVLNHTTSDYAAISNEVKSIPNWTHGNTPIKNWSDRWDVTQNSLYGLYDWNTQNTQVQSYLKRFLDRALNDGADGFRFDAAKHIELPDDGSYGSQFWPNITNTSAEFQYGEILQDSVSRDAAYANYMDITASNYGHSIRSALKNRNLGVSNISHYAIDVSADKLVTWVESHDTYANDDEESTWMSDDDIRLGWAVIASRSGSTPLFFSRPEGGGNGVRFPGKSQIGDRGSALFEDQAITAVNRFHNVMAGQPEELSNPNGNNQIFMNQRGSHGVVLANAGSSSVSINTATKLPDGRYDNKAGAGMFQVNDGKLTGTINARSVAVLYPD,3.70781061
ATAPSIKSGTILHAWNWSFNTLKHNMKDIHDAGYTAIQTSPINQVKEGNQGDKSMSNWYWLYQPTSYQIGNRYLGTEQEFKEMCAAAEEYGIKVIVDAVLNHTTSDYAAISNEVKSIPNWTHGNTPIKNWSDRWDVTQHSLYGLYDWNTQNTQVQSYLKRFLDRALNDGADGFRFDAAKHIELPDDGSYGSQFWPNITNTSAEFQYGEILQDSVSRDAAYANYMDITASNYGHSIRSALKNRNLGVSNISHYAIDVSADKLVTWVESHDTYANDDEESTWMSDDDIRLGWAVIASRSGSTPLFFSRPEGGGNGVRFPGKSQIGDRGSALFEDQAITAVNRFHNVMAGQPEELSNPNGNNQIFMNQRGSHGVVLANAGSSSVSINTATKLPDGRYDNKAGAGSFQVNDGKLTGTINARSVAVLYPD,3.684902263
ATAPSIKSGTILHAWNWSFNTLKHNMKDIHDAGYTAIQTSPINQVKEGNQGDKSMSNWYWLYQPTSYQIGNRYLGTEQEFKEMCAAAEEYGIKVIVDAVLNHTTSDYAAISNEVKSIPNWTHGNTPIKNWSDRWDVTQHSLYGLYDWNTQNTQVQSYLKRFLDRALNDGADGFRFDAAKHIELPDDGSYGSQFWPNITNTSAEFQYGEILQDSVSRDAAYANYMDITASNYGHSIRSALKNRNLGVSNISHYAIDVSADKLVTWVESHDTYANDDEESTWMSDDDIRLGWAVIASRSGSTPLFFSRPEGGGNGVRFPGKSQIGDRGSALFEDQAITAVNRFHNVMAGQPEELSNPNGNNQIFMNQRGSHGVVLANAGSSSVSINTATKLPDGRYDNKAGAGMFQVNDGKLTGTINARSVAVLYPD,3.618373132
ATAPSIKSGTILHAWNWSFNTLKHNMKDIHDAGYTAIQTSPINQVKEGNQGDKSMSNWYWLYQPTSYHIGNRYLGTEQEFKEMCAAAEEYGIKVIVDAVLNHTTSDYAAISNEVKSIPNWTHGNTPIKNWSDRWDVTQHSLLGLYDWNTQNTQVQSYLKRFLDRALNDGADGFRFDAAKHIELPDDGSYGSQFWPNITNTSAEFQYGEILQDSVSRDAAYANYMDITASNYGHSIRSALKNRNLGVSNISHYAIDVSADKLVTWVESHDTYANDDEESTWMSDDDIRLGWAVIASRSGSTPLFFSRPEGGGNGVRFPGKSQIGDRGSALFEDQAITAVNRFHNVMAGQPEELSNPNGNNQIFMNQRGSHGVVLANAGSSSVSINTATKLPDGRYDNKAGAGSFQVNDGKLTGTINARSVAVLYPD,3.522055855
ATAPSIKSGTILHAWNWSFNTLKHNMKDIHDAGYTAIQTSPINQVKEGNQGDKSMSNWYWLYQPTSYHIGNRYLGTEQEFKEMCAAAEEYGIKVIVDAVLNHTTSDYAAISNEVKSIPNWTHGNTPIKNWSDRWDVTQHSLYGLYDWNTQNTQVQSYLKRFLDRALNDGADGFRFDAAKHIELPDDGSYGSQFWPNITNTSAEFQYGEILQDSVSRDAAYANYMDVTASNYGHSIRSALKNRNLGVSNISHYAIDVSADKLVTWVESHDTYANDDEESTWMSDDDIRLGWAVIASRSGSTPLFFSRPEGGGNGVRFPGKSQIGDRGSALFEDQAITAVNRFHNVMAGQPEELSNPNGNNQIFMNQRGSHGVVLANAGSSSVSINTATKLPDGRYDNKAGAGMFQVNDGKLTGTINARSVAVLYPD,3.391137196
ATAPSIKSGTILHAWNWSFNTLKHNMKDIHDAGYTAIQTSPIMQVKEGNQGDKSMSNWYWLYQPTSYQIGNRYLGTEQEFKEMCAAAEEYGIKVIVDAVLNHTTSDYAAISNEVKSIPNWTHGNTPIKNWSDRWDVTQNSLYGLYDWNTQNTQVQSYLKRFLDRALNDGADGFRFDAAKHIELPDDGSYGSQFWPNITNTSAEFQYGEILQDSVSRDAAYANYMDITASNYGHSIRSALKNRNLGVSNISHYAIDVSADKLVTWVESHDTYANDDEESTWMSDDDIRLGWAVIASRSGSTPLFFSRPEGGGNGVRFPGKSQIGDRGSALFEDQAITAVNRFHNVMAGQPEELSNPNGNNQIFMNQRGSHGVVLANAGSSSVSINTATKLPDGRYDNKAGAGMFQVNDGKLTGTINARSVAVLYPD,3.220963179
ATAPSIKSGTILHAWNWSFNTLKHNMKDIHDAGYTAIQTSPINQVKEGNQGDKSMSNWYWLYQPTSYHIGNRYLGTEQEFKEMCAAAEEYGIKVIVDAVLNHTTSDYAAISNEVKSIPNWTHGNTPIKNWSDRWDVTQNSLYGLYDWNTQNTQVQSYLKRFLDRALNDGADGFRFDAAKHIELPDDGSYGSQFWPNITNTSAEFQYGEILQDSVSRDAAYANYMDITASNYGHSIRSALKNRNLGVSNISHYAIDVSADKLVTWVESHDTYANDDEESTWMSDDDIRLGWAVIASRSGSTPLFFSRPEGGGNGVRFPGKSQIGDRGSALFEDQAITAVNRFHNVMAGQPEELSNPNGNNQIFMNQRGSHGVVLANAGSSSVSINTATKLPDGRYDNKAGAGSFQVNDGKLTGTINARSVAVLYPD,3.151007406
ATAPSIKSGTILHAWNWSFNTLKHNMKDIHDAGYTAIQTSPINQVKEGNQGDKSMSNWYWLYQPTSYQIGNRYLGTEQEFKEMCAAAEEYGIKVIVDAVLNHTTSDYAAISNEVKSIPNWTHGNTPIKNWSDRWDVTQHSLYGLYDWNTQNTQVQSYLKRFLDRALNDGADGFRFDAAKHIELPDDGSYGSQFWPNITNTSAEFQYGEILQDSVSRDAAYANYMDVTASNYGHSIRSALKNRNLGVSNISHYAIDVSADKLVTWVESHDTYANDDEESTWMSDDDIRLGWAVIASRSGSTPLFFSRPEGGGNGVRFPGKSQIGDRGSALFEDQAITAVNRFHNVMAGQPEELSNPNGNNQIFMNQRGSHGVVLANAGSSSVSINTATKLPDGRYDNKAGAGSFQVNDGKLTGTINARSVAVLYPD,2.477186186
ATAPSIKSGTILHAWNWSFNTLKHNMKDIHDAGYTAIQTSPINQVKEGNQGDKSMSNWYWLYQPTSYQIGNRYLGTEQEFKEMCAAAEEYGIKVIVDAVLNHTTSDYAAISNEVKSIPNWTHGNTPIKNWSDRWDVTQNSLYGLYDWNTQNTQVQSYLKRFLDRALNDGADGFRFDAAKHIELPDDGSYGSQFWPNITNTSAEFQYGEILQDSVSRDAAYANYMDITASNYGHSIRSALKNRNLGVSNISHYAIDVSADKLVTWVESHDTYANDDEESTWMSDDDIRLGWAVIASRSGSTPLFFSRPEGGGNGVRFPGKSQIGDRGSALFEDQAITAVNRFHNVMAGQPEELSNPNGNNQIFMNQRGSHGVVLANAGSSSVSINTATKLPDGRYDNKAGAGSFQVNDGKLTGTINARSVAVLYPD,2.429574738
ATAPSIKSGTILHAWNWSFNTLKHNMKDIHDAGYTAIQTSPINQVKEGNQGDKSMSNWYWLYQPTSYQIGNRYLGTEQEFKEMCAAAHEYGIKVIVDAVMNHTTSDYAAISNEVKSIPNWTHGNTPIKNWSDRWDVTQNSLLGLYDWNTQNTQVQSYLKRFLDRALNDGADGFRFDAAKHIELPDDGSYGSQFWPNITNTSAEFQYGEILQDSVSRDAAYANYMDVTASNYGHSIRSALKNRNLGVSNISHYAIDVSADKLVTWVESHDTYANDDEESTWMSDDDIRLGWAVIASRSGSTPLFFSRPEGGGNGVRFPGKSQIGDRGSALFEDQAITAVNRFHNVMAGQPEELSNPNGNNQIFMNQRGSHGVVLANAGSSSVSINTATKLPDGRYDNKAGAGSFQVNDGKLTGTINARSVAVLYPD,1.87054566
ATAPSIKSGTILHAWNWSFNTLKHNMKDIHDAGYTAIQTSPINQVKEGNQGDKSMSNWYWLYQPTSYQIGNRYLGTEQEFKEMCAAAEEYGIKVIVDAVINHTTSDYAEISNEVKSIPNWTHGNTPIKNWSDRWDVTQNSLYGLYDWNTQNTQVQSYLKRFLDRALNDGADGFRFDAAKHIELPDDGSYGSQFWPNITNTSAEFQYGEILQDSVSRDAAYANYMDVTASNYGHSIRSALKNRNLGVSNISHYAIDVSADKLVTWVESHDTYANDDEESTWMSDDDIRLGWAVIASRSGSTPLFFSRPEGGGNGVRFPGKSQIGDRGSALFEDQAITAVNRFHNVMAGQPEELSNPNGNNQIFMNQRGSHGVVLANAGSSSVSINTATKLPDGRYDNKAGAGSFQVNDGKLTGTINARSVAVLYPD,1.780867471
ATAPSIKSGTILHAWNWSFNTLKHNMKDIHDAGYTAIQTSPINQVKEGNQGDKSMSNWYWLYQPTSYQIGNRYLGTEQEFKEMCAAAEEYGIKVIVDAVINHTTSDYAEISNEVKSIPYWTHGNTPIKNWSDRWDVTQNSLLGLYDWNTQNTQVQSYLKRFLDRALNDGADGFRFDAAKHIELPDDGSYGSQFWPNITNTSAEFQYGEILQDSVSRDAAYANYMDVTASNYGHSIRSALKNRNLGVSNISHYAIDVSADKLVTWVESHDTYANDDEESTWMSDDDIRLGWAVIASRSGSTPLFFSRPEGGGNGVRFPGKSQIGDRGSALFEDQAITAVNRFHNVMAGQPEELSNPNGNNQIFMNQRGSHGVVLANAGSSSVSINTATKLPDGRYDNKAGAGSFQVNDGKLTGTINARSVAVLYPD,1.756758306
ATAPSIKSGTILHAWNWSFNTLKHNMKDIHDAGYTAIQTSPINQVKEGNQGDKSMSNWYWLYQPTSYQIGNRYLGTEQEFKEMCAAAHEYGIKVIVDAVMNHTTSDYAAISNEVKSIPNWTHGNTPIKNWNDRWDVTQNSLLGLYDWNTQNTQVQSYLKRFLDRALNDGADGFRFDAAKHIELPDDGWYGSQFWPNITNTSAEFQYGEILQDSVSRDAAYANYMDITASNYGHSIRSALKNRNLGVSNISHYAIDVSADKLVTWVESHDTYANDDEESTWMSDDDIRLGWAVIASRSGSTPLFFSRPEGGGNGVRFPGKSQIGDRGSALFEDQAITAVNRFHNVMAGQPEELSNPNGNNQIFMNQRGSHGVVLANAGSSSVSINTATKLPDGRYDNKAGAGSFQVNDGKLTGTINARSVAVLYPD,1.686797005
ATAPSIKSGTILHAWNWSFNTLKHNMKDIHDAGYTAIQTSPINQVKEGNQGDKSMSNWYWLYQPTSYQIGNRYLGTEQEFKEMCAAAEEYGIKVIVDAVINHTTSDYAAISNEVKSIPYWTHGNTPIKNWSDRWDVTQNSLLGLYDWNTQNTQVQSYLKRFLDRALNDGADGFRFDAAKHIELPDDGSYGSQFWPNITNTSAEFQYGEILQDSVSRDAAYANYMDVTASNYGHSIRSALKNRNLGVSNISHYAIDVSADKLVTWVESHDTYANDDEESTWMSDDDIRLGWAVIASRSGSTPLFFSRPEGGGNGVRFPGKSQIGDRGSALFEDQAITAVNRFHNVMAGQPEELSNPNGNNQIFMNQRGSHGVVLANAGSSSVSINTATKLPDGRYDNKAGAGSFQVNLGKLTGTINARSVAVLYPD,1.673416915
ATAPSIKSGTILHAWNWSFNTLKHNMKDIHDAGYTAIQTSPINQVKEGNQGDKSMSNWYWLYQPTSYQIGNRYLGTEQEFKEMCAAAEEYGIKVIVDAVLNHTTSDYAAISNEVKSIPNWTHGNTPIKNWSDRWDVTQNSLLGLYDWNTQNTQVQSYLKRFLDRALNDGADGFRFDAAKHIELPDDGWYGSQFWPNITNTSAEFQYGEILQDSVSRDAAYANYMDITASNYGHSIRSALKNRNLGVSNISHYAIDVSADKLVTWVESHDTYANDDEESTWMSDDDIRLGWAVIASRSGSTPLFFSRPEGGGNGVRFPGKSQIGDRGSALFEDQAITAVNRFHNVMAGQPEELSNPNGNNQIFMNQRGSHGVVLANAGSSSVSINTATKLPDGRYDNKAGAGSFQVNDGKLTGTINARSVAVLYPD,1.6597718
ATAPSIKSGTILHAWNWSFNTLKHNMKDIHDAGYTAIQTSPINQVKEGNQGDKSMSNWYWLYQPTSYQIGNRYLGTEQEFKEMCAAAEEYGIKVIVDAVINHTTSDYAAISNEVKSIPNWTHGNTPIKNWSDRWDVTQNSLLGLYDWNTQNTQVQSYLKRFLDRALNDGADGFRFDAAKHIELPDDGSYGSQFWPNITNTSAEFQYGEILQDSVSRDAAYANYMDVTASNYGHSIRSALKNRNLGVTNISHYAIDVSADKLVTWVESHDTYANDDIESTWMSDDDIRLGWAVIASRSGSTPLFFSRPEGGGNGVRFPGKSQIGDRGSALFEDQAITAVNRFHNVMAGQPEELSNPNGVNQIFMNQRGSHGVVLANAGSSSVSINTATKLPDGRYDNKAGAGSFQVNLGKLTGTINARSVAVLYPD,1.657458564
ATAPSIKSGTILHAWNWSFNTLKHNMKDIHDAGYTAIQTSPINQVKEGNQGDKSMSNWYWLYQPTSYQIGNRYLGTEQEFKEMCAAAEEYGIKVIVDAVINHTTSDYAAISNEVKSIPNWTHGNTPIKNWSDRWDVTQNSLLGLYDWNTQNTQVQSYLKRFLDRALNDGADGFRFDAAKHIELPDDGSYGSQFWPNITNTSAEFQYGEILQDSVSRDAAYANYMDVTASNYGHSIRSALKNRNLGVSNISHYAIDVSADKLVTWVESHDTYANDDIESTWMSDDDIRLGWAVIASRSGSTPLFFSRPEGGGNGVRFPGKSQIGDRGSALFEDQAITAVNRFHNVMAGQPEELSNPNGNNQIFMNQRGSHGVVLANAGSSSVSINTATKLPDGRYDNKAGAGSFQVNDGKLTGTINARSVAVLYPD,1.615476498
ATAPSIKSGTILHAWNWSFNTLKHNMKDIHDAGYTAIQTSPINQVKEGNQGDKSMSNWYWLYQPTSYQIGNRYLGTEQEFKEMCAAAEEYGIKVIVDAVMNHTTSDYAAISNEVKSIPNWTHGNTPIKNWSDRWDVTQNSLLGLYDWNTQNTQVQSYLKRFLDRALNDGADGFRFDAAKHIELPDDGSYGSQFWPNITNTSAEFQYGEILQDSVSRDAAYANYMDITASNYGHSIRSALKNRNLGVSNISHYAIDVSADKLVTWVESHDTYANDDEESTWMSDDDIRLGWAVIASRSGSTPLFFSRPEGGGNGVRFPGKSQIGDRGSALFEDQAITAVNRFHNVMAGQPEELSNPNGNNQIFMNQRGSHGVVLANAGSSSVSINTATKLPDGRYDNKAGAGSFQVNDGKLTGTINARSVAVLYPD,1.605761295
ATAPSIKSGTILHAWNWSFNTLKHNMKDIHDAGYTAIQTSPINQVKEGNQGDKSMSNWYWLYQPTSYQIGNRYLGTEQEFKEMCAAAEEYGIKVIVDAVINHTTSDYAEISNEVKSIPNWTHGNTPIKNWSDRWDVTQNSLLGLYDWNTQNTQVQSYLKRFLDRALNDGADGFRFDAAKHIELPDDGSYGSQFWPNITNTSAEFQYGEILQDSVSRDAAYANYMDVTASNYGHSIRSALKNRNLGVSNISHYAIDVSADKLVTWVESHDTYANDDIESTWMSDDDIRLGWAVIASRSGSTPLFFSRPEGGGNGVRFPGKSQIGDRGSALFEDQAITAVNRFHNVMAGQPEELSNPNGNNQIFMNQRGSHGVVLANAGSSSVSINTATKLPDGRYDNKAGAGSFQVNLGKLTGTINARSVAVLYPD,1.527730557
ATAPSIKSGTILHAWNWSFNTLKHNMKDIHDAGYTAIQTSPINQVKEGNQGDKSMSNWYWLYQPTSYQIGNRYLGTEQEFKEMCAAAHEYGIKVIVDAVMNHTTSDYAAISNEVKSIPNWTHGNTPIKNWSDRWDVTQNSLYGLYDWNTQNTQVQSYLKRFLDRALNDGADGFRFDAAKHIELPDDGSYGSQFWPNITNTSAEFQYGEILQDSVSRDAAYANYMDITASNYGHSIRSALKNRNLGVSNISHYAIDVSADKLVTWVESHDTYANDDEESTWMSDDDIRLGWAVIASRSGSTPLFFSRPEGGGNGVRFPGKSQIGDRGSALFEDQAITAVNRFHNVMAGQPEELSNPNGNNQIFMNQRGSHGVVLANAGSSSVSINTATKLPDGRYDNKAGAGSFQVNDGKLTGTINARSVAVLYPD,1.525104736
MLDSRWFKAAGVAVAITLASATAVHAAPAPEPAAEPAEAVAAVVTLRYDDSRAGGWEAAIAAGVASWNANVGNVKLVEAASGAAVRIVATSGWPQATLGPVRPGRQVRVELGSQAVTEGHNKTRIAAHELGHSLGLPDTKPGPCSQLMSGSSAGTSCKNAVPNATEQSRVESAYAGGLASLVPTDGRIVVDAP,1.525104736
ATAPSIKSGTILHAWNWSFNTLKHNMKDIHDAGYTAIQTSPINQVKEGNQGDKSMSNWYWLYQPTSYQIGNRYLGTEQEFWEMCAAAEEYGIKVIVDAVLNHTTSDYAAISNEVKSIPNWTHGNTPIKNWSDRWDVTQNSLLGLYDWNTQNTQVQSYLKRFLDRALNDGADGFRFDAAKHIELPDDGSYGSQFWPNITNTSAEFQYGEILQDSVSRDAAYANYMDITASNYGHSIRSALKNRNLGVSNISHYAIDVSADKLVTWVESHDTYANDDEESTWMSDDDIRLGWAVIASRSGSTPLFFSRPEGGGNGVRFPGKSQIGDRGSALFEDQAITAVNRFHNVMAGQPEELSNPNGNNQIFMNQRGSHGVVLANAGSSSVSINTATKLPDGRYDNKAGAGSFQVNDGKLTGTINARSVAVLYPD,1.51082699
MKKLFEGLLHFQKHFYDNDDQLFSQLKNGQTPRVLLIACTDSRIDPNLITHTMPGDLFVMRNMGNLIPTHGLGGRFSSISAAIEYGLLNLQVEDVIVCGHSDCGAMNALHTHPKLKNLLPVLAAWKLAEPTQRITAQHPGSTDEEIRHVNIANVLEQMEHLRTYPLVGELLQDGQLRLYGWYYIIETGHIYNYNDNRKAFKLIENEK,1.51082699
ATAPSIKSGTILHAWNWSFNTLKHNMKDIHDAGYTAIQTSPINQVKEGNQGDKSMSNWYWLYQPTSYQIGNRYLGTEQEFKEMCAAAEEYGIKVIVDAVMNHTTSDYAAISNEVKSIPNWTHGNTPIKNWNDRWDVTQNSLYGLYDWNTQNTQVQSYLKRFLDRALNDGADGFRFDAAKHIELPDDGSYGSQFWPNITNTSAEFQYGEILQDSVSRDAAYANYMDITASNYGHSIRSALKNRNLGVSNISHYAIDVSADKLVTWVESHDTYANDDEESTWMSDDDIRLGWAVIASRSGSTPLFFSRPEGGGNGVRFPGKSQIGDRGSALFEDQAITAVNRFHNVMAGQPEELSNPNGNNQIFMNQRGSHGVVLANAGSSSVSINTATKLPDGRYDNKAGAGSFQVNDGKLTGTINARSVAVLYPD,1.478085193
ATAPSIKSGTILHAWNWSFNTLKHNMKDIHDAGYTAIQTSPINQVKEGNQGDKSMSNWYWLYQPTSYQIGNRYLGTEQEFKEMCAAAHEYGIKVIVDAVMNHTTSDYAAISNEVKSIPNWTHGNTPIKNWSDRWDVTQNSLLGLYDWNTQNTQVQSYLKRFLDRALNDGADGFRFDAAKHIELPDDGSYGSMFWPNITNTSAEFQYGEILQDSVSRDAAYANYMDITASNYGHSIRSALKNRNLGVSNISHYAIDVSADKLVTWVESHDTYANDDEESTWMSDDDIRLGWAVIASRSGSTPLFFSRPEGGGNGVRFPGKSQIGDRGSALFEDQAITAVNRFHNVMAGQPEELSNPNGNNQIFMNQRGSHGVVLANAGSSSVSINTATKLPDGRYDNKAGAGSFQVNDGKLTGTINARSVAVLYPD,1.465070286
ATAPSIKSGTILHAWNWSFNTLKHNMKDIHDAGYTAIQTSPINQVKEGNQGDKSMSNWYWLYQPTSYQIGNRYLGTEQEFKEMCAAAEEYGIKVIVDAVMNHTTSDYAAISNEVKSIPNWTHGNTPIKNWNDRWDVTQNSLLGLYDWNTQNTQVQSYLKRFLDRALNDGADGFRFDAAKHIELPDDGWYGSMFWPNITNTSAEFQYGEILQDSVSRDAAYANYMDVTASNYGHSIRSALKNRNLGVSNISHYAIDVSADKLVTWVESHDTYANDDEESTWMSDDDIRLGWAVIASRSGSTPLFFSRPEGGGNGVRFPGKSQIGDRGSALFEDQAITAVNRFHNVMAGQPEELSNPNGNNQIFMNQRGSHGVVLANAGSSSVSINTATKLPDGRYDNKAGAGSFQVNDGKLTGTINARSVAVLYPD,1.424280296
ATAPSIKSGTILHAWNWSFNTLKHNMKDIHDAGYTAIQTSPINQVKEGNQGDKSMSNWYWLYQPTSYQIGNRYLGTEQEFKEMCAAAEEYGIKVIVDAVINHTTSDYAAISNEVKSIPYWTHGNTPIKNWSDRWDVTQNSLLGLYDWNTQNTQVQSYLKRFLDRALNDGADGFRFDAAKHIELPDDGSYGSQFWPNITNTSAEFQYGEILQDSVSRDAAYANYMDVTASNYGHSIRSALKNRNLGVTNISHYAIDVSADKLVTWVESHDTYANDDEESTWMSDDDIRLGWAVIASRSGSTPLFFSRPEGGGNGVRFPGKSQIGDRGSALFEDQAITAVNRFHNVMAGQPEELSNPNGNNQIFMNQRGSHGVVLANAGSSSVSINTATKLPDGRYDNKAGAGSFQVNDGKLTGTINARSVAVLYPD,1.415245248
ATAPSIKSGTILHAWNWSFNTLKHNMKDIHDAGYTAIQTSPINQVKEGNQGDKSMSNWYWLYQPTSYQIGNRYLGTEQEFKEMCAAAHEYGIKVIVDAVMNHTTSDYAAISNEVKSIPNWTHGNTPIKNWSDRWDVTQNSLLGLWDWNTQNTQVQSYLKRFLDRALNDGADGFRFDAAKHIELPDDGSYGSMFWPNITNTSAEFQYGEILQDSVSRDAAYANYMDVTASNYGHSIRSALKNRNLGVSNISHYAIDVSADKLVTWVESHDTYANDDEESTWMSDDDIRLGWAVIASRSGSTPLFFSRPEGGGNGVRFPGKSQIGDRGSALFEDQAITAVNRFHNVMAGQPEELSNPNGNNQIFMNQRGSHGVVLANAGSSSVSINTATKLPDGRYDNKAGAGSFQVNDGKLTGTINARSVAVLYPD,1.373420129
ATAPSIKSGTILHAWNWSFNTLKHNMKDIHDAGYTAIQTSPINQVKEGNQGDKSMSNWYWLYQPTSYQIGNRYLGTEQEFKEMCAAAEEYGIKVIVDAVMNHTTSDYAAISNEVKSIPNWTHGNTPIKNWNDRWDVTQNSLYGLYDWNTQNTQVQSYLKRFLDRALNDGADGFRFDAAKHIELPDDGSYGSMFWPNITNTSAEFQYGEILQDSVSRDAAYANYMDVTASNYGHSIRSALKNRNLGVSNISHYAIDVSADKLVTWVESHDTYANDDEESTWMSDDDIRLGWAVIASRSGSTPLFFSRPEGGGNGVRFPGKSQIGDRGSALFEDQAITAVNRFHNVMAGQPEELSNPNGNNQIFMNQRGSHGVVLANAGSSSVSINTATKLPDGRYDNKAGAGSFQVNDGKLTGTINARSVAVLYPD,1.352619625
ATAPSIKSGTILHAWNWSFNTLKHNMKDIHDAGYTAIQTSPINQVKEGNQGDKSMSNWYWLYQPTSYQIGNRYLGTEQEFKEMCAAAEEYGIKVIVDAVINHTTSDYAEISNEVKSIPNWTHGNTPIKNWSDRWDVTQNSLYGLYDWNTQNTQVQSYLKRFLDRALNDGADGFRFDAAKHIELPDDGSYGSQFWPNITNTSAEFQYGEILQDSVSRDAAYANYMDVTASNYGHSIRSALKNRNLGVTNISHYAIDVSADKLVTWVESHDTYANDDEESTWMSDDDIRLGWAVIASRSGSTPLFFSRPEGGGNGVRFPGKSQIGDRGSALFEDQAITAVNRFHNVMAGQPEELSNPNGVNQIFMNQRGSHGVVLANAGSSSVSINTATKLPDGRYDNKAGAGSFQVNDGKLTGTINARSVAVLYPD,1.32339535
ATAPSIKSGTILHAWNWSFNTLKHNMKDIHDAGYTAIQTSPINQVKEGNQGDKSMSNWYWLYQPTSYQIGNRYLGTEQEFKEMCAAAEEYGIKVIVDAVMNHTTSDYAAISNEVKSIPNWTHGNTPIKNWSDRWDVTQNSLLGLYDWNTQNTQVQSYLKRFLDRALNDGADGFRFDAAKHIELPDDGSYGSQFWPNITNTSAEFQYGEILQDSVSRDAAYANYMDVTASNYGHSIRSALKNRNLGVSNISHYAIDVSADKLVTWVESHDTYANDDEESTWMSDDDIRLGWAVIASRSGSTPLFFSRPEGGGNGVRFPGKSQIGDRGSALFEDQAITAVNRFHNVMAGQPEELSNPNGNNQIFMNQRGSHGVVLANAGSSSVSINTATKLPDGRYDNKAGAGSFQVNDGKLTGTINARSVAVLYPD,1.307345597
ATAPSIKSGTILHAWNWSFNTLKHNMKDIHDAGYTAIQTSPINQVKEGNQGDKSMSNWYWLYQPTSYQIGNRYLGTEQEFKEMCAAAEEYGIKVIVDAVINHTTSDYAAISNEVKSIPNWTHGNTPIKNWSDRWDVTQNSLLGLYDWNTQNTQVQSYLKRFLDRALNDGADGFRFDAAKHIELPDDGSYGSQFWPNITNTSAEFQYGEILQDSVSRDAAYANYMDVTASNYGHSIRSALKNRNLGVTNISHYAIDVSADKLVTWVESHDTYANDDIESTWMSDDDIRLGWAVIASRSGSTPLFFSRPEGGGNGVRFPGKSQIGDRGSALFEDQAITAVNRFHNVMAGQPEELSNPNGVNQIFMNQRGSHGVVLANAGSSSVSINTATKLPDGRYDNKAGAGSFQVNDGKLTGTINARSVAVLYPD,1.29232004
ATAPSIKSGTILHAWNWSFNTLKHNMKDIHDAGYTAIQTSPINQVKEGNQGDKSMSNWYWLYQPTSYQIGNRYLGTEQEFKEMCAAAEEYGIKVIVDAVINHTTSDYAEISNEVKSIPNWTHGNTPIKNWSDRWDVTQNSLYGLYDWNTQNTQVQSYLKRFLDRALNDGADGFRFDAAKHIELPDDGSYGSQFWPNITNTSAEFQYGEILQDSVSRDAAYANYMDVTASNYGHSIRSALKNRNLGVSNISHYAIDVSADKLVTWVESHDTYANDDIESTWMSDDDIRLGWAVIASRSGSTPLFFSRPEGGGNGVRFPGKSQIGDRGSALFEDQAITAVNRFHNVMAGQPEELSNPNGVNQIFMNQRGSHGVVLANAGSSSVSINTATKLPDGRYDNKAGAGSFQVNDGKLTGTINARSVAVLYPD,1.289940658
ATAPSIKSGTILHAWNWSFNTLKHNMKDIHDAGYTAIQTSPINQVKEGNQGDKSMSNWYWLYQPTSYQIGNRYLGTEQEFKEMCAAAEEYGIKVIVDAVINHTTSDYAAISNEVKSIPYWTHGNTPIKNWSDRWDVTQNSLYGLYDWNTQNTQVQSYLKRFLDRALNDGADGFRFDAAKHIELPDDGSYGSQFWPNITNTSAEFQYGEILQDSVSRDAAYANYMDVTASNYGHSIRSALKNRNLGVSNISHYAIDVSADKLVTWVESHDTYANDDEESTWMSDDDIRLGWAVIASRSGSTPLFFSRPEGGGNGVRFPGKSQIGDRGSALFEDQAITAVNRFHNVMAGQPEELSNPNGVNQIFMNQRGSHGVVLANAGSSSVSINTATKLPDGRYDNKAGAGSFQVNLGKLTGTINARSVAVLYPD,1.242010199
ATAPSIKSGTILHAWNWSFNTLKHNMKDIHDAGYTAIQTSPINQVKEGNQGDKSMSNWYWLYQPTSYQIGNRYLGTEQEFKEMCAAAEEYGIKVIVDAVINHTTSDYAEISNEVKSIPYWTHGNTPIKNWSDRWDVTQNSLLGLYDWNTQNTQVQSYLKRFLDRALNDGADGFRFDAAKHIELPDDGSYGSQFWPNITNTSAEFQYGEILQDSVSRDAAYANYMDVTASNYGHSIRSALKNRNLGVTNISHYAIDVSADKLVTWVESHDTYANDDEESTWMSDDDIRLGWAVIASRSGSTPLFFSRPEGGGNGVRFPGKSQIGDRGSALFEDQAITAVNRFHNVMAGQPEELSNPNGVNQIFMNQRGSHGVVLANAGSSSVSINTATKLPDGRYDNKAGAGSFQVNLGKLTGTINARSVAVLYPD,1.23844029
ATAPSIKSGTILHAWNWSFNTLKHNMKDIHDAGYTAIQTSPINQVKEGNQGDKSMSNWYWLYQPTSYQIGNRYLGTEQEFKEMCAAAEEYGIKVIVDAVINHTTSDYAEISNEVKSIPYWTHGNTPIKNWSDRWDVTQNSLYGLYDWNTQNTQVQSYLKRFLDRALNDGADGFRFDAAKHIELPDDGSYGSQFWPNITNTSAEFQYGEILQDSVSRDAAYANYMDVTASNYGHSIRSALKNRNLGVSNISHYAIDVSADKLVTWVESHDTYANDDEESTWMSDDDIRLGWAVIASRSGSTPLFFSRPEGGGNGVRFPGKSQIGDRGSALFEDQAITAVNRFHNVMAGQPEELSNPNGVNQIFMNQRGSHGVVLANAGSSSVSINTATKLPDGRYDNKAGAGSFQVNLGKLTGTINARSVAVLYPD,1.234934126
ATAPSIKSGTILHAWNWSFNTLKHNMKDIHDAGYTAIQTSPINQVKEGNQGDKSMSNWYWLYQPTSYQIGNRYLGTEQEFWEMCAAAEEYGIKVIVDAVLNHTTSDYAAISNEVKSIPNWTHGNTPIKNWSDRWDVTQNSLLGLYDWNTQNTQVQSYLKRFLDRALNDGADGFRFDAAKHIELPDDGWYGSQFWPNITNTSAEFQYGEILQDSVSRDAAYANYMDITASNYGHSIRSALKNRNLGVSNISHYAIDVSADKLVTWVESHDTYANDDEESTWMSDDDIRLGWAVIASRSGSTPLFFSRPEGGGNGVRFPGKSQIGDRGSALFEDQAITAVNRFHNVMAGQPEELSNPNGNNQIFMNQRGSHGVVLANAGSSSVSINTATKLPDGRYDNKAGAGSFQVNDGKLTGTINARSVAVLYPD,1.221897638
MIPIIPVDSAATGLSPDAERLTRDAQHDIQRPHPQIAHYLRPGTLQLPALPPLSLYVHLPWCLKRCPYCDFNSHAWRRADVPPEQRYLDAVRADLESALPFIWGRRVQSIFIGGGTPSLFAPDQIERLIGDIRARLPMDPGCEITLEANPGTFERDRFRAYRAAGVTRLSIGVQSFNDAKLAALGRVHDGAQARAAVDEAADAFETFNIDLMYALPGQTLVHFDTDLAQALQFAPPHLSVYHLTIEPNTVFAKFPPSVPDDDQAAYDMLDRRAVAERATGAGMERYEISAHAKPGHRCWHSLHNANYWEFGDYLGIGAGAHSKLSFPHRVVRQQTRLRDPALYMAQALAGHALAQDTEVPRADLPFEFMLNALRLREGVALSRFTERTGLPLSAIEAPLAQAVARGLIERGGAAARPAPDARSPASARLLPTARSAAGFDFS,1.221897638
ATAPSIKSGTILHAWNWSFNTLKHNMKDIHDAGYTAIQTSPINQVKEGNQGDKSMSNWYWLYQPTSYQIGNRYLGTEQEFKEMCAAAHEYGIKVIVDAVMNHTTSDYAAISNEVKSIPNWTHGNTPIKNWNDRWDVTQNSLYGLWDWNTQNTQVQSYLKRFLDRALNDGADGFRFDAAKHIELPDDGWYGSMFWPNITNTSAEFQYGEILQDSVSRDAAYANYMDITASNYGHSIRSALKNRNLGVSNISHYAIDVSADKLVTWVESHDTYANDDEESTWMSDDDIRLGWAVIASRSGSTPLFFSRPEGGGNGVRFPGKSQIGDRGSALFEDQAITAVNRFHNVMAGQPEELSNPNGNNQIFMNQRGSHGVVLANAGSSSVSINTATKLPDGRYDNKAGAGSFQVNDGKLTGTINARSVAVLYPD,1.20228399
ATAPSIKSGTILHAWNWSFNTLKHNMKDIHDAGYTAIQTSPINQVKEGNQGDKSMSNWYWLYQPTSYQIGNRYLGTEQEFKEMCAAAEEYGIKVIVDAVMNHTTSDYAAISNEVKSIPNWTHGNTPIKNWSDRWDVTQNSLYGLYDWNTQNTQVQSYLKRFLDRALNDGADGFRFDAAKHIELPDDGSYGSMFWPNITNTSAEFQYGEILQDSVSRDAAYANYMDITASNYGHSIRSALKNRNLGVSNISHYAIDVSADKLVTWVESHDTYANDDEESTWMSDDDIRLGWAVIASRSGSTPLFFSRPEGGGNGVRFPGKSQIGDRGSALFEDQAITAVNRFHNVMAGQPEELSNPNGNNQIFMNQRGSHGVVLANAGSSSVSINTATKLPDGRYDNKAGAGSFQVNDGKLTGTINARSVAVLYPD,1.201008018
ATAPSIKSGTILHAWNWSFNTLKHNMKDIHDAGYTAIQTSPINQVKEGNQGDKSMSNWYWLYQPTSYQIGNRYLGTEQEFKEMCAAAEEYGIKVIVDAVINHTTSDYAAISNEVKSIPYWTHGNTPIKNWSDRWDVTQNSLLGLYDWNTQNTQVQSYLKRFLDRALNDGADGFRFDAAKHIELPDDGSYGSQFWPNITNTSAEFQYGEILQDSVSRDAAYANYMDVTASNYGHSIRSALKNRNLGVTNISHYAIDVSADKLVTWVESHDTYANDDIESTWMSDDDIRLGWAVIASRSGSTPLFFSRPEGGGNGVRFPGKSQIGDRGSALFEDQAITAVNRFHNVMAGQPEELSNPNGVNQIFMNQRGSHGVVLANAGSSSVSINTATKLPDGRYDNKAGAGSFQVNDGKLTGTINARSVAVLYPD,1.187999884
ATAPSIKSGTILHAWNWSFNTLKHNMKDIHDAGYTAIQTSPINQVKEGNQGDKSMSNWYWLYQPTSYQIGNRYLGTEQEFKEMCAAAEEYGIKVIVDAVLNHTTSDYAAISNEVKSIPNWTHGNTPIKNWSDRWDVTQNSLLGLYDWNTQNTQVQSYLKRFLDRALNDGADGFRFDAAKHIELPDDGSYGSQFWPNITNTSAEFQYGEILQDSVSRDAAYANYMDITASNYGHSIRSALKNRNLGVSNISHYAIDVSADKLVTWVESHDTYANDDEESTWMSDDDIRLGWAVIASRSGSTPLFFSRPEGGGNGVRFPGKSQIGDRGSALFEDQAITAVNRFHNVMAGQPEELSNPNGNNQIFMNQRGSHGVVLANAGSSSVSINTATKLPDGRYDNKAGAGSFQVNDGKLTGTINARSVAVLYPD,1.186056565
ATAPSIKSGTILHAWNWSFNTLKHNMKDIHDAGYTAIQTSPINQVKEGNQGDKSMSNWYWLYQPTSYQIGNRYLGTEQEFKEMCAAAEEYGIKVIVDAVINHTTSDYAAISNEVKSIPNWTHGNTPIKNWSDRWDVTQNSLYGLYDWNTQNTQVQSYLKRFLDRALNDGADGFRFDAAKHIELPDDGSYGSQFWPNITNTSAEFQYGEILQDSVSRDAAYANYMDVTASNYGHSIRSALKNRNLGVTNISHYAIDVSADKLVTWVESHDTYANDDIESTWMSDDDIRLGWAVIASRSGSTPLFFSRPEGGGNGVRFPGKSQIGDRGSALFEDQAITAVNRFHNVMAGQPEELSNPNGVNQIFMNQRGSHGVVLANAGSSSVSINTATKLPDGRYDNKAGAGSFQVNLGKLTGTINARSVAVLYPD,1.182660434
ATAPSIKSGTILHAWNWSFNTLKHNMKDIHDAGYTAIQTSPINQVKEGNQGDKSMSNWYWLYQPTSYQIGNRYLGTEQEFKEMCAAAEEYGIKVIVDAVMNHTTSDYAAISNEVKSIPNWTHGNTPIKNWSDRWDVTQNSLLGLYDWNTQNTQVQSYLKRFLDRALNDGADGFRFDAAKHIELPDDGWYGSMFWPNITNTSAEFQYGEILQDSVSRDAAYANYMDITASNYGHSIRSALKNRNLGVSNISHYAIDVSADKLVTWVESHDTYANDDEESTWMSDDDIRLGWAVIASRSGSTPLFFSRPEGGGNGVRFPGKSQIGDRGSALFEDQAITAVNRFHNVMAGQPEELSNPNGNNQIFMNQRGSHGVVLANAGSSSVSINTATKLPDGRYDNKAGAGSFQVNDGKLTGTINARSVAVLYPD,1.171852073
ATAPSIKSGTILHAWNWSFNTLKHNMKDIHDAGYTAIQTSPINQVKEGNQGDKSMSNWYWLYQPTSYQIGNRYLGTEQEFKEMCAAAEEYGIKVIVDAVLNHTTSDYAAISNEVKSIPNWTHGNTPIKNWSDRWDVTQNSLLGLYDWNTQNTQVQSYLKRFLDRALNDGADGFRFDAAKHIELPDDGWYGGQFWPNITNTSAEFQYGEILQDSVSRDAAYANYMDVTASNYGHSIRSALKNRNLGVSNISHYAIDVSADKLVTWVESHDTYANDDEESTWMSDDDIRLGWAVIASRSGSTPLFFSRPEGGGNGVRFPGKSQIGDRGSALFEDQAITAVNRFHNVMAGQPEELSNPNGNNQIFMNQRGSHGVVLANAGSSSVSINTATKLPDGRYDNKAGAGSFQVNDGKLTGTINARSVAVLYPD,1.165244984
ATAPSIKSGTILHAWNWSFNTLKHNMKDIHDAGYTAIQTSPINQVKEGNQGDKSMSNWYWLYQPTSYQIGNRYLGTEQEFKEMCAAAEEYGIKVIVDAVINHTTSDYAEISNEVKSIPYWTHGNTPIKNWSDRWDVTQNSLLGLYDWNTQNTQVQSYLKRFLDRALNDGADGFRFDAAKHIELPDDGSYGSQFWPNITNTSAEFQYGEILQDSVSRDAAYANYMDVTASNYGHSIRSALKNRNLGVSNISHYAIDVSADKLVTWVESHDTYANDDIESTWMSDDDIRLGWAVIASRSGSTPLFFSRPEGGGNGVRFPGKSQIGDRGSALFEDQAITAVNRFHNVMAGQPEELSNPNGVNQIFMNQRGSHGVVLANAGSSSVSINTATKLPDGRYDNKAGAGSFQVNDGKLTGTINARSVAVLYPD,1.158443941
ATAPSIKSGTILHAWNWSFNTLKHNMKDIHDAGYTAIQTSPINQVKEGNQGDKSMSNWYWLYQPTSYQIGNRYLGTEQEFKEMCAAAEEYGIKVIVDAVINHTTSDYAAISNEVKSIPYWTHGNTPIKNWSDRWDVTQNSLLGLYDWNTQNTQVQSYLKRFLDRALNDGADGFRFDAAKHIELPDDGSYGSQFWPNITNTSAEFQYGEILQDSVSRDAAYANYMDVTASNYGHSIRSALKNRNLGVSNISHYAIDVSADKLVTWVESHDTYANDDIESTWMSDDDIRLGWAVIASRSGSTPLFFSRPEGGGNGVRFPGKSQIGDRGSALFEDQAITAVNRFHNVMAGQPEELSNPNGVNQIFMNQRGSHGVVLANAGSSSVSINTATKLPDGRYDNKAGAGSFQVNLGKLTGTINARSVAVLYPD,1.137717807
ATAPSIKSGTILHAWNWSFNTLKHNMKDIHDAGYTAIQTSPINQVKEGNQGDKSMSNWYWLYQPTSYQIGNRYLGTEQEFKEMCAAAEEYGIKVIVDAVMNHTTSDYAAISNEVKSIPNWTHGNTPIKNWSDRWDVTQNSLYGLYDWNTQNTQVQSYLKRFLDRALNDGADGFRFDAAKHIELPDDGWYGSMFWPNITNTSAEFQYGEILQDSVSRDAAYANYMDVTASNYGHSIRSALKNRNLGVSNISHYAIDVSADKLVTWVESHDTYANDDEESTWMSDDDIRLGWAVIASRSGSTPLFFSRPEGGGNGVRFPGKSQIGDRGSALFEDQAITAVNRFHNVMAGQPEELSNPNGNNQIFMNQRGSHGVVLANAGSSSVSINTATKLPDGRYDNKAGAGSFQVNDGKLTGTINARSVAVLYPD,1.123748873
ATAPSIKSGTILHAWNWSFNTLKHNMKDIHDAGYTAIQTSPINQVKEGNQGDKSMSNWYWLYQPTSYQIGNRYLGTEQEFKEMCAAAEEYGIKVIVDAVINHTTSDYAEISNEVKSIPNWTHGNTPIKNWSDRWDVTQNSLYGLYDWNTQNTQVQSYLKRFLDRALNDGADGFRFDAAKHIELPDDGSYGSQFWPNITNTSAEFQYGEILQDSVSRDAAYANYMDVTASNYGHSIRSALKNRNLGVSNISHYAIDVSADKLVTWVESHDTYANDDIESTWMSDDDIRLGWAVIASRSGSTPLFFSRPEGGGNGVRFPGKSQIGDRGSALFEDQAITAVNRFHNVMAGQPEELSNPNGVNQIFMNQRGSHGVVLANAGSSSVSINTATKLPDGRYDNKAGAGSFQVNLGKLTGTINARSVAVLYPD,1.112218445
ATAPSIKSGTILHAWNWSFNTLKHNMKDIHDAGYTAIQTSPINQVKEGNQGDKSMSNWYWLYQPTSYQIGNRYLGTEQEFKEMCAAAHEYGIKVIVDAVMNHTTSDYAAISNEVKSIPNWTHGNTPIKNWNDRWDVTQNSLYGLYDWNTQNTQVQSYLKRFLDRALNDGADGFRFDAAKHIELPDDGWYGSQFWPNITNTSAEFQYGEILQDSVSRDAAYANYMDVTASNYGHSIRSALKNRNLGVSNISHYAIDVSADKLVTWVESHDTYANDDEESTWMSDDDIRLGWAVIASRSGSTPLFFSRPEGGGNGVRFPGKSQIGDRGSALFEDQAITAVNRFHNVMAGQPEELSNPNGNNQIFMNQRGSHGVVLANAGSSSVSINTATKLPDGRYDNKAGAGSFQVNDGKLTGTINARSVAVLYPD,1.109338492
ATAPSIKSGTILHAWNWSFNTLKHNMKDIHDAGYTAIQTSPINQVKEGNQGDKSMSNWYWLYQPTSYQIGNRYLGTEQEFKEMCAAAEEYGIKVIVDAVMNHTTSDYAAISNEVKSIPNWTHGNTPIKNWNDRWDVTQNSLYGLWDWNTQNTQVQSYLKRFLDRALNDGADGFRFDAAKHIELPDDGWYGSQFWPNITNTSAEFQYGEILQDSVSRDAAYANYMDITASNYGHSIRSALKNRNLGVSNISHYAIDVSADKLVTWVESHDTYANDDEESTWMSDDDIRLGWAVIASRSGSTPLFFSRPEGGGNGVRFPGKSQIGDRGSALFEDQAITAVNRFHNVMAGQPEELSNPNGNNQIFMNQRGSHGVVLANAGSSSVSINTATKLPDGRYDNKAGAGSFQVNDGKLTGTINARSVAVLYPD,1.100557174
ATAPSIKSGTILHAWNWSFNTLKHNMKDIHDAGYTAIQTSPINQVKEGNQGDKSMSNWYWLYQPTSYQIGNRYLGTEQEFKEMCAAAHEYGIKVIVDAVMNHTTSDYAAISNEVKSIPNWTHGNTPIKNWNDRWDVTQNSLYGLWDWNTQNTQVQSYLKRFLDRALNDGADGFRFDAAKHIELPDDGSYGSMFWPNITNTSAEFQYGEILQDSVSRDAAYANYMDITASNYGHSIRSALKNRNLGVSNISHYAIDVSADKLVTWVESHDTYANDDEESTWMSDDDIRLGWAVIASRSGSTPLFFSRPEGGGNGVRFPGKSQIGDRGSALFEDQAITAVNRFHNVMAGQPEELSNPNGNNQIFMNQRGSHGVVLANAGSSSVSINTATKLPDGRYDNKAGAGSFQVNDGKLTGTINARSVAVLYPD,1.096824959
ATAPSIKSGTILHAWNWSFNTLKHNMKDIHDAGYTAIQTSPINQVKEGNQGDKSMSNWYWLYQPTSYQIGNRYLGTEQEFKEMCAAAEEYGIKVIVDAVMNHTTSDYAAISNEVKSIPNWTHGNTPIKNWSDRWDVTQNSLLGLWDWNTQNTQVQSYLKRFLDRALNDGADGFRFDAAKHIELPDDGSYGSMFWPNITNTSAEFQYGEILQDSVSRDAAYANYMDVTASNYGHSIRSALKNRNLGVSNISHYAIDVSADKLVTWVESHDTYANDDEESTWMSDDDIRLGWAVIASRSGSTPLFFSRPEGGGNGVRFPGKSQIGDRGSALFEDQAITAVNRFHNVMAGQPEELSNPNGNNQIFMNQRGSHGVVLANAGSSSVSINTATKLPDGRYDNKAGAGSFQVNDGKLTGTINARSVAVLYPD,1.067346251
ATAPSIKSGTILHAWNWSFNTLKHNMKDIHDAGYTAIQTSPINQVKEGNQGDKSMSNWYWLYQPTSYQIGNRYLGTEQEFKEMCAAAHEYGIKVIVDAVMNHTTSDYAAISNEVKSIPNWTHGNTPIKNWSDRWDVTQNSLLGLYDWNTQNTQVQSYLKRFLDRALNDGADGFRFDAAKHIELPDDGWYGSMFWPNITNTSAEFQYGEILQDSVSRDAAYANYMDITASNYGHSIRSALKNRNLGVSNISHYAIDVSADKLVTWVESHDTYANDDEESTWMSDDDIRLGWAVIASRSGSTPLFFSRPEGGGNGVRFPGKSQIGDRGSALFEDQAITAVNRFHNVMAGQPEELSNPNGNNQIFMNQRGSHGVVLANAGSSSVSINTATKLPDGRYDNKAGAGSFQVNDGKLTGTINARSVAVLYPD,1.060481042
ATAPSIKSGTILHAWNWSFNTLKHNMKDIHDAGYTAIQTSPINQVKEGNQGDKSMSNWYWLYQPTSYQIGNRYLGTEQEFKEMCAAAEEYGIKVIVDAVLNHTTSDYAAISNEVKSIPNWTHGNTPIKNWSDRWDVTQNSLLGLYDWNTQNTQVQSYLKRFLDRALNDGADGFRFDAAKHIELPDDGWYGSQFWPNITNTSAEFQYGEILQDSVSRDAAYANYMDVTASNYGHSIRSALKNRNLGVSNISHYAIDVSADKLVTWVESHDTYANDDEESTWMSDDDIRLGWAVIASRSGSTPLFFSRPEGGGNGVRFPGKSQIGDRGSALFEDQAITAVNRFHNVMAGQPEELSNPNGNNQIFMNQRGSHGVVLANAGSSSVSINTATKLPDGRYDNKAGAGSFQVNDGKLTGTINARSVAVLYPD,1.050975053
ATAPSIKSGTILHAWNWSFNTLKHNMKDIHDAGYTAIQTSPINQVKEGNQGDKSMSNWYWLYQPTSYQIGNRYLGTEQEFWEMCAAAEEYGIKVIVDAVLNHTTSDYAAISNEVKSIPNWTHGNTPIKNWSDRWDVTQNSLLGLYDWNTQNTQVQSYLKRFLDRALNDGADGFRFDAAKHIELPDDGSYGGQFWPNITNTSAEFQYGEILQDSVSRDAAYANYMDITASNYGHSIRSALKNRNLGVSNISHYAIDVSADKLVTWVESHDTYANDDEESTWMSDDDIRLGWAVIASRSGSTPLFFSRPEGGGNGVRFPGKSQIGDRGSALFEDQAITAVNRFHNVMAGQPEELSNPNGNNQIFMNQRGSHGVVLANAGSSSVSINTATKLPDGRYDNKAGAGSFQVNDGKLTGTINARSVAVLYPD,1.042744672
MLDSRWFKATGVAIALTLASASLGTAVPATAAPQSPAAESSAAVVTLRYDDSRAGGWEAAIVAAVADWNRTVVNVELVRAAPGTRAEIQIVATSGWPQATLGPVRPGGQARVELGSQAVTEGHDKIRIAAHELGHSLGLPDTKPGPCSQLMSGSSAGTSCKNVVPNATERSRVQSFYSGFAALTPGDARIMVDAP,1.042744672
ATAPSIKSGTILHAWNWSFNTLKHNMKDIHDAGYTAIQTSPINQVKEGNQGDKSMSNWYWLYQPTSYQIGNRYLGTEQEFKEMCAAAEEYGIKVIVDAVMNHTTSDYAAISNEVKSIPNWTHGNTPIKNWSDRWDVTQNSLYGLYDWNTQNTQVQSYLKRFLDRALNDGADGFRFDAAKHIELPDDGSYGSMFWPNITNTSAEFQYGEILQDSVSRDAAYANYMDVTASNYGHSIRSALKNRNLGVSNISHYAIDVSADKLVTWVESHDTYANDDEESTWMSDDDIRLGWAVIASRSGSTPLFFSRPEGGGNGVRFPGKSQIGDRGSALFEDQAITAVNRFHNVMAGQPEELSNPNGNNQIFMNQRGSHGVVLANAGSSSVSINTATKLPDGRYDNKAGAGSFQVNDGKLTGTINARSVAVLYPD,1.038134258
ATAPSIKSGTILHAWNWSFNTLKHNMKDIHDAGYTAIQTSPINQVKEGNQGDKSMSNWYWLYQPTSYQIGNRYLGTEQEFKEMCAAAEEYGIKVIVDAVMNHTTSDYAAISNEVKSIPNWTHGNTPIKNWSDRWDVTQNSLYGLYDWNTQNTQVQSYLKRFLDRALNDGADGFRFDAAKHIELPDDGSYGSQFWPNITNTSAEFQYGEILQDSVSRDAAYANYMDITASNYGHSIRSALKNRNLGVSNISHYAIDVSADKLVTWVESHDTYANDDEESTWMSDDDIRLGWAVIASRSGSTPLFFSRPEGGGNGVRFPGKSQIGDRGSALFEDQAITAVNRFHNVMAGQPEELSNPNGNNQIFMNQRGSHGVVLANAGSSSVSINTATKLPDGRYDNKAGAGSFQVNDGKLTGTINARSVAVLYPD,1.015609382
ATAPSIKSGTILHAWNWSFNTLKHNMKDIHDAGYTAIQTSPINQVKEGNQGDKSMSNWYWLYQPTSYQIGNRYLGTEQEFKEMCAAAHEYGIKVIVDAVMNHTTSDYAAISNEVKSIPNWTHGNTPIKNWNDRWDVTQNSLLGLWDWNTQNTQVQSYLKRFLDRALNDGADGFRFDAAKHIELPDDGSYGSQFWPNITNTSAEFQYGEILQDSVSRDAAYANYMDITASNYGHSIRSALKNRNLGVSNISHYAIDVSADKLVTWVESHDTYANDDEESTWMSDDDIRLGWAVIASRSGSTPLFFSRPEGGGNGVRFPGKSQIGDRGSALFEDQAITAVNRFHNVMAGQPEELSNPNGNNQIFMNQRGSHGVVLANAGSSSVSINTATKLPDGRYDNKAGAGSFQVNDGKLTGTINARSVAVLYPD,0.99732046
ATAPSIKSGTILHAWNWSFNTLKHNMKDIHDAGYTAIQTSPINQVKEGNQGDKSMSNWYWLYQPTSYQIGNRYLGTEQEFKEMCAAAEEYGIKVIVDAVMNHTTSDYAAISNEVKSIPNWTHGNTPIKNWSDRWDVTQNSLLGLYDWNTQNTQVQSYLKRFLDRALNDGADGFRFDAAKHIELPDDGWYGGQFWPNITNTSAEFQYGEILQDSVSRDAAYANYMDITASNYGHSIRSALKNRNLGVSNISHYAIDVSADKLVTWVESHDTYANDDEESTWMSDDDIRLGWAVIASRSGSTPLFFSRPEGGGNGVRFPGKSQIGDRGSALFEDQAITAVNRFHNVMAGQPEELSNPNGNNQIFMNQRGSHGVVLANAGSSSVSINTATKLPDGRYDNKAGAGSFQVNDGKLTGTINARSVAVLYPD,0.996020278
MRKSPKLAVASLLGLSLAMAGAQAAPTSSSASGAATYAGSENAASKAFFDAVMRSVAEKRAAQPSIQAVTVYYSASAAPSFRTQIANSARIWNSSVSNVRLQEGSNADFTYREGNDPRGSYASTDGHGRGFIFLDYRQNQQYNSTRVTAHETGHVLGLPDHSGPCSELMSGGGPGPSCTNAYPNSTERSRVNQLWANGFAAGMQKALEKVSQR,0.992345678
ATAPSIKSGTILHAWNWSFNTLKHNMKDIHDAGYTAIQTSPINQVKEGNQGDKSMSNWYWLYQPTSYQIGNRYLGTEQEFKEMCAAAEEYGIKVIVDAVMNHTTSDYAAISNEVKSIPNWTHGNTPIKNWSDRWDVTQNSLLGLYDWNTQNTQVQSYLKRFLDRALNDGADGFRFDAAKHIELPDDGWYGSQFWPNITNTSAEFQYGEILQDSVSRDAAYANYMDITASNYGHSIRSALKNRNLGVSNISHYAIDVSADKLVTWVESHDTYANDDEESTWMSDDDIRLGWAVIASRSGSTPLFFSRPEGGGNGVRFPGKSQIGDRGSALFEDQAITAVNRFHNVMAGQPEELSNPNGNNQIFMNQRGSHGVVLANAGSSSVSINTATKLPDGRYDNKAGAGSFQVNDGKLTGTINARSVAVLYPD,0.978973321
ATAPSIKSGTILHAWNWSFNTLKHNMKDIHDAGYTAIQTSPINQVKEGNQGDKSMSNWYWLYQPTSYQIGNRYLGTEQEFKEMCAAAEEYGIKVIVDAVINHTTSDYAAISNEVKSIPYWTHGNTPIKNWSDRWDVTQNSLYGLYDWNTQNTQVQSYLKRFLDRALNDGADGFRFDAAKHIELPDDGSYGSQFWPNITNTSAEFQYGEILQDSVSRDAAYANYMDVTASNYGHSIRSALKNRNLGVTNISHYAIDVSADKLVTWVESHDTYANDDIESTWMSDDDIRLGWAVIASRSGSTPLFFSRPEGGGNGVRFPGKSQIGDRGSALFEDQAITAVNRFHNVMAGQPEELSNPNGVNQIFMNQRGSHGVVLANAGSSSVSINTATKLPDGRYDNKAGAGSFQVNDGKLTGTINARSVAVLYPD,0.973368116
ATAPSIKSGTILHAWNWSFNTLKHNMKDIHDAGYTAIQTSPINQVKEGNQGDKSMSNWYWLYQPTSYQIGNRYLGTEQEFKEMCAAAEEYGIKVIVDAVMNHTTSDYAAISNEVKSIPNWTHGNTPIKNWSDRWDVTQNSLYGLYDWNTQNTQVQSYLKRFLDRALNDGADGFRFDAAKHIELPDDGWYGSQFWPNITNTSAEFQYGEILQDSVSRDAAYANYMDITASNYGHSIRSALKNRNLGVSNISHYAIDVSADKLVTWVESHDTYANDDEESTWMSDDDIRLGWAVIASRSGSTPLFFSRPEGGGNGVRFPGKSQIGDRGSALFEDQAITAVNRFHNVMAGQPEELSNPNGNNQIFMNQRGSHGVVLANAGSSSVSINTATKLPDGRYDNKAGAGSFQVNDGKLTGTINARSVAVLYPD,0.933039478
ATAPSIKSGTILHAWNWSFNTLKHNMKDIHDAGYTAIQTSPINQVKEGNQGDKSMSNWYWLYQPTSYQIGNRYLGTEQEFKEMCAAAHEYGIKVIVDAVMNHTTSDYAAISNEVKSIPNWTHGNTPIKNWNDRWDVTQNSLLGLWDWNTQNTQVQSYLKRFLDRALNDGADGFRFDAAKHIELPDDGWYGSMFWPNITNTSAEFQYGEILQDSVSRDAAYANYMDITASNYGHSIRSALKNRNLGVSNISHYAIDVSADKLVTWVESHDTYANDDEESTWMSDDDIRLGWAVIASRSGSTPLFFSRPEGGGNGVRFPGKSQIGDRGSALFEDQAITAVNRFHNVMAGQPEELSNPNGNNQIFMNQRGSHGVVLANAGSSSVSINTATKLPDGRYDNKAGAGSFQVNDGKLTGTINARSVAVLYPD,0.930119304
ATAPSIKSGTILHAWNWSFNTLKHNMKDIHDAGYTAIQTSPINQVKEGNQGDKSMSNWYWLYQPTSYQIGNRYLGTEQEFKEMCAAAEEYGIKVIVDAVINHTTSDYAEISNEVKSIPYWTHGNTPIKNWSDRWDVTQNSLYGLYDWNTQNTQVQSYLKRFLDRALNDGADGFRFDAAKHIELPDDGSYGSQFWPNITNTSAEFQYGEILQDSVSRDAAYANYMDVTASNYGHSIRSALKNRNLGVSNISHYAIDVSADKLVTWVESHDTYANDDIESTWMSDDDIRLGWAVIASRSGSTPLFFSRPEGGGNGVRFPGKSQIGDRGSALFEDQAITAVNRFHNVMAGQPEELSNPNGVNQIFMNQRGSHGVVLANAGSSSVSINTATKLPDGRYDNKAGAGSFQVNLGKLTGTINARSVAVLYPD,0.928941776
ATAPSIKSGTILHAWNWSFNTLKHNMKDIHDAGYTAIQTSPINQVKEGNQGDKSMSNWYWLYQPTSYQIGNRYLGTEQEFWEMCAAAEEYGIKVIVDAVLNHTTSDYAAISNEVKSIPNWTHGNTPIKNWSDRWDVTQNSLLGLYDWNTQNTQVQSYLKRFLDRALNDGADGFRFDAAKHIELPDDGSYGSQFWPNITNTSAEFQYGEILQDSVSRDAAYANYMDVTASNYGHSIRSALKNRNLGVSNISHYAIDVSADKLVTWVESHDTYANDDEESTWMSDDDIRLGWAVIASRSGSTPLFFSRPEGGGNGVRFPGKSQIGDRGSALFEDQAITAVNRFHNVMAGQPEELSNPNGNNQIFMNQRGSHGVVLANAGSSSVSINTATKLPDGRYDNKAGAGSFQVNDGKLTGTINARSVAVLYPD,0.924380155
MTSPLPPRLAQGYHSFVQERLADHERLFEKLAAGQKPRTLLIACCDSRVDPAMVLGCDPGDIFVLRNLGNFVPPYEGADHQHGTSAAIEFAVQVLEVAQIIILGHSQCGGITHLSGEIETLPNVATWLGHGRQALERIRDGHASDDLVTPEERQSCEKRSIRQSLDNLVTFPRVQERLQNGQLKIHGWYFDLDDGGVMGYDPQAGRFTTI,0.924380155
ATAPSIKSGTILHAWNWSFNTLKHNMKDIHDAGYTAIQTSPINQVKEGNQGDKSMSNWYWLYQPTSYQIGNRYLGTEQEFKEMCAAAHEYGIKVIVDAVMNHTTSDYAAISNEVKSIPNWTHGNTPIKNWSDRWDVTQNSLYGLYDWNTQNTQVQSYLKRFLDRALNDGADGFRFDAAKHIELPDDGSYGSMFWPNITNTSAEFQYGEILQDSVSRDAAYANYMDVTASNYGHSIRSALKNRNLGVSNISHYAIDVSADKLVTWVESHDTYANDDEESTWMSDDDIRLGWAVIASRSGSTPLFFSRPEGGGNGVRFPGKSQIGDRGSALFEDQAITAVNRFHNVMAGQPEELSNPNGNNQIFMNQRGSHGVVLANAGSSSVSINTATKLPDGRYDNKAGAGSFQVNDGKLTGTINARSVAVLYPD,0.889661693
MRISALSGALAAVPAALGSIASAPTPAPAAHSAQSAYAPGSENAAANKAFFEAVQKSVAEKRAASPSSAAVTVVYSVSGAPSFRSQIARSTQIWNGSVSNVRLQEGSQADFSYREGNDSRGSYASTDGHGKGYIFLDYQQNQQYNSTRVTTHETGHVLGLPDTYSGPCSELMSGGGPGTSCTNANPNSAERSRVNQLWANGLAAAMDRSTTR,0.889661693
ATAPSIKSGTILHAWNWSFNTLKHNMKDIHDAGYTAIQTSPINQVKEGNQGDKSMSNWYWLYQPTSYQIGNRYLGTEQEFKEMCAAAEEYGIKVIVDAVMNHTTSDYAAISNEVKSIPNWTHGNTPIKNWSDRWDVTQNSLLGLWDWNTQNTQVQSYLKRFLDRALNDGADGFRFDAAKHIELPDDGWYGSMFWPNITNTSAEFQYGEILQDSVSRDAAYANYMDITASNYGHSIRSALKNRNLGVSNISHYAIDVSADKLVTWVESHDTYANDDEESTWMSDDDIRLGWAVIASRSGSTPLFFSRPEGGGNGVRFPGKSQIGDRGSALFEDQAITAVNRFHNVMAGQPEELSNPNGNNQIFMNQRGSHGVVLANAGSSSVSINTATKLPDGRYDNKAGAGSFQVNDGKLTGTINARSVAVLYPD,0.889607214
MNHRRLVAASLGFGLAAVIGVPATAATAPVAPAAAPVTTTAYAGSAEEKADGNAFFQAVMKSARAKQAKAKGAQAVTIVYNASGAPSFQQQIAQSARIWNSTVANVRLQEGSSSAATAGHTDFYYEGNDSRGSYASTDGHGSGYVFLDYRQNQQYDSVRVVAHETGHVLGLPDHYEGPCSELMSGGGPGTSCTNSQPNASERSRVESLWANGLAAALNKVN,0.888096765
ATAPSIKSGTILHAWNWSFNTLKHNMKDIHDAGYTAIQTSPINQVKEGNQGDKSMSNWYWLYQPTSYQIGNRYLGTEQEFKEMCAAAHEYGIKVIVDAVMNHTTSDYAAISNEVKSIPNWTHGNTPIKNWSDRWDVTQNSLYGLWDWNTQNTQVQSYLKRFLDRALNDGADGFRFDAAKHIELPDDGSYGSMFWPNITNTSAEFQYGEILQDSVSRDAAYANYMDVTASNYGHSIRSALKNRNLGVSNISHYAIDVSADKLVTWVESHDTYANDDEESTWMSDDDIRLGWAVIASRSGSTPLFFSRPEGGGNGVRFPGKSQIGDRGSALFEDQAITAVNRFHNVMAGQPEELSNPNGNNQIFMNQRGSHGVVLANAGSSSVSINTATKLPDGRYDNKAGAGSFQVNDGKLTGTINARSVAVLYPD,0.888096765
MDYNLALDKAIQKLHDEGRYRTFIDIEREKGAFPKAQWNRPDGGKQDITVWCGNDYLGMGQHPVVLAAMHEALEAVGAGSGGTRNISGTTAYHRRLEAEIAGLHQKEAALVFSSAYNANDATLSTLRVLFPGLIIYSDSLNHASMIEGIKRNAGPKRIFRHNDVAHLRELIAADDPAAPKLIAFESVYSMDGDFGPIKEICDIAEEFGALTYIDEVHAVGMYGPRGAGVAERDGLMHRIDIFNGTLAKAYGVFGGYIAASARMVDAVRSYAPGFIFSTSLPPAIAAGAQASIAFLKTAEGQKLRDAQQMHAKVLKMRLKALGMPIIDHGSHIVPVVIGDPVHTKAVSDMLLSDYGVYVQPINFPTVPRGTERLRFTPSPVHDLKQIDGLVHAMDLLWARCA,0.888096765
ATAPSIKSGTILHAWNWSFNTLKHNMKDIHDAGYTAIQTSPINQVKEGNQGDKSMSNWYWLYQPTSYQIGNRYLGTEQEFKEMCAAAEEYGIKVIVDAVLNHTTSDYAAISNEVKSIPNWTHGNTPIKNWSDRWDVTQNSLYGLYDWNTQNTQVQSYLKRFLDRALNDGADGFRFDAAKHIELPDDGWYGSQFWPNITNTSAEFQYGEILQDSVSRDAAYANYMDITASNYGHSIRSALKNRNLGVSNISHYAIDVSADKLVTWVESHDTYANDDEESTWMSDDDIRLGWAVIASRSGSTPLFFSRPEGGGNGVRFPGKSQIGDRGSALFEDQAITAVNRFHNVMAGQPEELSNPNGNNQIFMNQRGSHGVVLANAGSSSVSINTATKLPDGRYDNKAGAGSFQVNDGKLTGTINARSVAVLYPD,0.8571204
ATAPSIKSGTILHAWNWSFNTLKHNMKDIHDAGYTAIQTSPINQVKEGNQGDKSMSNWYWLYQPTSYQIGNRYLGTEQEFKEMCAAAEEYGIKVIVDAVLNHTTSDYAAISNEVKSIPNWTHGNTPIKNWSDRWDVTQNSLLGLHDWNTQNTQVQSYLKRFLDRALNDGADGFRFDAAKHIELPDDGWYGSQFWPNITNTSAEFQYGEILQDSVSRDAAYANYMDVTASNYGHSIRSALKNRNLGVSNISHYAIDVSADKLVTWVESHDTYANDDEESTWMSDDDIRLGWAVIASRSGSTPLFFSRPEGGGNGVRFPGKSQIGDRGSALFEDQAITAVNRFHNVMAGQPEELSNPNGNNQIFMNQRGSHGVVLANAGSSSVSINTATKLPDGRYDNKAGAGSFQVNDGKLTGTINARSVAVLYPD,0.856812518
ATAPSIKSGTILHAWNWSFNTLKHNMKDIHDAGYTAIQTSPINQVKEGNQGDKSMSNWYWLYQPTSYQIGNRYLGTEQEFKEMCAAAEEYGIKVIVDAVINHTTSDYAAISNEVKSIPNWTHGNTPIKNWSDRWDVTQNSLSGLYDWNTQNTQVQSYLKRFLDRALNDGADGFRFDAAKHIELPDDGSYGSQFWPNITNTSAEFQYGEILQDSVSRDAAYANYMDVTASNYGHSIRSALKNRNLGVSNISHYAVDVSADKLVTWVESHDTYANDDEESTWMSDDDIRLGWAVIASRSGSTPLFFSRPEGGGNGVRFPGKSQIGDRGSALFEDQAITAVNRFHNVMAGQPEELSNPNGNNQIFMNQRGSHGVVLANAGSSSVSINTATKLPDGRYDNKAGAGSFQVNDGKLTGTINARSVAVLYPD,0.85
ATAPSIKSGTILHAWNWSFNTLKHNMKDIHDAGYTAIQTSPINQVKEGNQGDKSMSNWYWLYQPTSYQIGNRYLGTEQEFKEMCAAAHEYGIKVIVDAVMNHTTSDYAAISNEVKSIPNWTHGNTPIKNWNDRWDVTQNSLYGLWDWNTQNTQVQSYLKRFLDRALNDGADGFRFDAAKHIELPDDGWYGSMFWPNITNTSAEFQYGEILQDSVSRDAAYANYMDVTASNYGHSIRSALKNRNLGVSNISHYAIDVSADKLVTWVESHDTYANDDEESTWMSDDDIRLGWAVIASRSGSTPLFFSRPEGGGNGVRFPGKSQIGDRGSALFEDQAITAVNRFHNVMAGQPEELSNPNGNNQIFMNQRGSHGVVLANAGSSSVSINTATKLPDGRYDNKAGAGSFQVNDGKLTGTINARSVAVLYPD,0.847930274
ATAPSIKSGTILHAWNWSFNTLKHNMKDIHDAGYTAIQTSPINQVKEGNQGDKSMSNWYWLYQPTSYQIGNRYLGTEQEFKEMCAAAEEYGIKVIVDAVMNHTTSDYAAISNEVKSIPNWTHGNTPIKNWNDRWDVTQNSLYGLYDWNTQNTQVQSYLKRFLDRALNDGADGFRFDAAKHIELPDDGSYGSMFWPNITNTSAEFQYGEILQDSVSRDAAYANYMDITASNYGHSIRSALKNRNLGVSNISHYAIDVSADKLVTWVESHDTYANDDEESTWMSDDDIRLGWAVIASRSGSTPLFFSRPEGGGNGVRFPGKSQIGDRGSALFEDQAITAVNRFHNVMAGQPEELSNPNGNNQIFMNQRGSHGVVLANAGSSSVSINTATKLPDGRYDNKAGAGSFQVNDGKLTGTINARSVAVLYPD,0.838951151
ATAPSIKSGTILHAWNWSFNTLKHNMKDIHDAGYTAIQTSPINQVKEGNQGDKSMSNWYWLYQPTSYQIGNRYLGTEQEFKEMCAAAEEYGIKVIVDAVMNHTTSDYAAISNEVKSIPNWTHGNTPIKNWSDRWDVTQNSLYGLWDWNTQNTQVQSYLKRFLDRALNDGADGFRFDAAKHIELPDDGWYGSQFWPNITNTSAEFQYGEILQDSVSRDAAYANYMDITASNYGHSIRSALKNRNLGVSNISHYAIDVSADKLVTWVESHDTYANDDEESTWMSDDDIRLGWAVIASRSGSTPLFFSRPEGGGNGVRFPGKSQIGDRGSALFEDQAITAVNRFHNVMAGQPEELSNPNGNNQIFMNQRGSHGVVLANAGSSSVSINTATKLPDGRYDNKAGAGSFQVNDGKLTGTINARSVAVLYPD,0.834166259
MRRSPKALLASTLGMGVATIVAATAASPVSAAPAAPESTARSVARYTGSGGEAEANRAFLDAVMNSAAAKQAANPSAAAAVTVVYNSRNAPTFASQISRSTQIWNSSVSNVRLQSSSSSGTDFSYREGNDPRGSYASTNGHGSGYIFLDYRQNQQYDSIRVAAHETGHVLGLPDHYSGPCSELMSGGGPGTSCTNAYPNAAERARVNSLWANGLAEAASSLGK,0.810502407
ATAPSIKSGTILHAWNWSFNTLKHNMKDIHDAGYTAIQTSPINQVKEGNQGDKSMSNWYWLYQPTSYQIGNRYLGTEQEFKEMCAAAHEYGIKVIVDAVMNHTTSDYAAISNEVKSIPNWTHGNTPIKNWSDRWDVTQNSLYGLWDWNTQNTQVQSYLKRFLDRALNDGADGFRFDAAKHIELPDDGSYGSQFWPNITNTSAEFQYGEILQDSVSRDAAYANYMDVTASNYGHSIRSALKNRNLGVSNISHYAIDVSADKLVTWVESHDTYANDDEESTWMSDDDIRLGWAVIASRSGSTPLFFSRPEGGGNGVRFPGKSQIGDRGSALFEDQAITAVNRFHNVMAGQPEELSNPNGNNQIFMNQRGSHGVVLANAGSSSVSINTATKLPDGRYDNKAGAGSFQVNDGKLTGTINARSVAVLYPD,0.810502407
YKCKYPGCERVFARHETLKRHEIVHSKDKMYTCKICNRKFVRSTHLNRHVYNNHKPFKCDVCKKGFVRQDKLRLHMKVHA,0.810502407
ATAPSIKSGTILHAWNWSFNTLKHNMKDIHDAGYTAIQTSPINQVKEGNQGDKSMSNWYWLYQPTSYQIGNRYLGTEQEFKEMCAAAEEYGIKVIVDAVMNHTTSDYAAISNEVKSIPNWTHGNTPIKNWSDRWDVTQNSLLGLYDWNTQNTQVQSYLKRFLDRALNDGADGFRFDAAKHIELPDDGWYGSQFWPNITNTSAEFQYGEILQDSVSRDAAYANYMDVTASNYGHSIRSALKNRNLGVSNISHYAIDVSADKLVTWVESHDTYANDDEESTWMSDDDIRLGWAVIASRSGSTPLFFSRPEGGGNGVRFPGKSQIGDRGSALFEDQAITAVNRFHNVMAGQPEELSNPNGNNQIFMNQRGSHGVVLANAGSSSVSINTATKLPDGRYDNKAGAGSFQVNDGKLTGTINARSVAVLYPD,0.806556872
ATAPSIKSGTILHAWNWSFNTLKHNMKDIHDAGYTAIQTSPINQVKEGNQGDKSMSNWYWLYQPTSYQIGNRYLGTEQEFKEMCAAAHEYGIKVIVDAVMNHTTSDYAAISNEVKSIPNWTHGNTPIKNWSDRWDVTQNSLLGLYDWNTQNTQVQSYLKRFLDRALNDGADGFRFDAAKHIELPDDGSYGSQFWPNITNTSAEFQYGEILQDSVSRDAAYANYMDITASNYGHSIRSALKNRNLGVSNISHYAIDVSADKLVTWVESHDTYANDDEESTWMSDDDIRLGWAVIASRSGSTPLFFSRPEGGGNGVRFPGKSQIGDRGSALFEDQAITAVNRFHNVMAGQPEELSNPNGNNQIFMNQRGSHGVVLANAGSSSVSINTATKLPDGRYDNKAGAGSFQVNDGKLTGTINARSVAVLYPD,0.787976097
ATAPSIKSGTILHAWNWSFNTLKHNMKDIHDAGYTAIQTSPINQVKEGNQGDKSMSNWYWLYQPTSYQIGNRYLGTEQEFKEMCAAAHEYGIKVIVDAVMNHTTSDYAAISNEVKSIPNWTHGNTPIKNWSDRWDVTQNSLYGLYDWNTQNTQVQSYLKRFLDRALNDGADGFRFDAAKHIELPDDGWYGSMFWPNITNTSAEFQYGEILQDSVSRDAAYANYMDITASNYGHSIRSALKNRNLGVSNISHYAIDVSADKLVTWVESHDTYANDDEESTWMSDDDIRLGWAVIASRSGSTPLFFSRPEGGGNGVRFPGKSQIGDRGSALFEDQAITAVNRFHNVMAGQPEELSNPNGNNQIFMNQRGSHGVVLANAGSSSVSINTATKLPDGRYDNKAGAGSFQVNDGKLTGTINARSVAVLYPD,0.77853391
MRHLRTAIVSALGLGLAAALGTAPAVSAAPSTSTTTSSIAAYNGSGENAAANRAFFDAVVKSVAEKRAANPGIQAVTVTYNASSAPSFRTQIANSAQIWNSSVSNVRLQEGSRADFTYREGNDPRGSYASTNGHGRGFIFLDYRQNQQYNSTRVTTHETGHVLGLPDTYSGPCSELMSGGGPGPSCTNSRPNAQERSRVNQLWQNGLASAVKALPRSTS,0.77853391
MRHLRTAVASAAGLGLVAALGTAPVVAAPASPAAPSVAQSTETVTKAAYTGSAESAAANRAFFDAVLKSVATKRAAAPSLKTVTVTYDASAAPTFAGEIARSTQIWNSSVSNVKLQQGSSGADFTYREGNDPRGSYASTDGHGRGYIFLDYRQNRQYNSTRVTTHETGHVLGLPDSYSGPCSQLMSGGGPGTSCTNAQPNAQERARVNQLWQNGLAQVAR,0.762520469
ATAPSIKSGTILHAWNWSFNTLKHNMKDIHDAGYTAIQTSPINQVKEGNQGDKSMSNWYWLYQPTSYQIGNRYLGTEQEFKEMCAAAHEYGIKVIVDAVMNHTTSDYAAISNEVKSIPNWTHGNTPIKNWSDRWDVTQNSLYGLYDWNTQNTQVQSYLKRFLDRALNDGADGFRFDAAKHIELPDDGSYGSMFWPNITNTSAEFQYGEILQDSVSRDAAYANYMDITASNYGHSIRSALKNRNLGVSNISHYAIDVSADKLVTWVESHDTYANDDEESTWMSDDDIRLGWAVIASRSGSTPLFFSRPEGGGNGVRFPGKSQIGDRGSALFEDQAITAVNRFHNVMAGQPEELSNPNGNNQIFMNQRGSHGVVLANAGSSSVSINTATKLPDGRYDNKAGAGSFQVNDGKLTGTINARSVAVLYPD,0.762520469
PYECSECGKAFHRISSLTEHHRIHTGEKPYQWCEDCGMAFSRSSSFIHHQRVHTGEKPYECGECGKSFRLNSHLTVHQRIHT,0.762520469
MHVRTLTGGLAAAPLGLLGLSLVVPTAQAADTSAAATPAAQAVTTATYAASGENAAANRAFFDAVMKSAAEKRAANPSAAAAVTVVYDASQAPSFRTEIVSRGAQIWNASVSNVQLQTGTNADFNYREGNDARGSYASTDGHGRGYIFLDYRQNQQYDSTRVTAHETGHVLGLPDTYSGPCSELMSGGGPGTSCRNARPNAAERSRVEQLWAHGLQAALDKALE,0.762520469
ATAPSIKSGTILHAWNWSFNTLKHNMKDIHDAGYTAIQTSPINQVKEGNQGDKSMSNWYWLYQPTSYQIGNRYLGTEQEFKEMCAAAHEYGIKVIVDAVMNHTTSDYAAISNEVKSIPNWTHGNTPIKNWSDRWDVTQNSLLGLWDWNTQNTQVQSYLKRFLDRALNDGADGFRFDAAKHIELPDDGWYGSMFWPNITNTSAEFQYGEILQDSVSRDAAYANYMDVTASNYGHSIRSALKNRNLGVSNISHYAIDVSADKLVTWVESHDTYANDDEESTWMSDDDIRLGWAVIASRSGSTPLFFSRPEGGGNGVRFPGKSQIGDRGSALFEDQAITAVNRFHNVMAGQPEELSNPNGNNQIFMNQRGSHGVVLANAGSSSVSINTATKLPDGRYDNKAGAGSFQVNDGKLTGTINARSVAVLYPD,0.751687189
ATAPSIKSGTILHAWNWSFNTLKHNMKDIHDAGYTAIQTSPINQVKEGNQGDKSMSNWYWLYQPTSYQIGNRYLGTEQEFKEMCAAAEEYGIKVIVDAVMNHTTSDYAAISNEVKSIPNWTHGNTPIKNWNDRWDVTQNSLLGLYDWNTQNTQVQSYLKRFLDRALNDGADGFRFDAAKHIELPDDGWYGSMFWPNITNTSAEFQYGEILQDSVSRDAAYANYMDITASNYGHSIRSALKNRNLGVSNISHYAIDVSADKLVTWVESHDTYANDDEESTWMSDDDIRLGWAVIASRSGSTPLFFSRPEGGGNGVRFPGKSQIGDRGSALFEDQAITAVNRFHNVMAGQPEELSNPNGNNQIFMNQRGSHGVVLANAGSSSVSINTATKLPDGRYDNKAGAGSFQVNDGKLTGTINARSVAVLYPD,0.727112264
ATAPSIKSGTILHAWNWSFNTLKHNMKDIHDAGYTAIQTSPINQVKEGNQGDKSMSNWYWLYQPTSYQIGNRYLGTEQEFKEMCAAAHEYGIKVIVDAVMNHTTSDYAAISNEVKSIPNWTHGNTPIKNWSDRWDVTQNSLYGLWDWNTQNTQVQSYLKRFLDRALNDGADGFRFDAAKHIELPDDGSYGSQFWPNITNTSAEFQYGEILQDSVSRDAAYANYMDITASNYGHSIRSALKNRNLGVSNISHYAIDVSADKLVTWVESHDTYANDDEESTWMSDDDIRLGWAVIASRSGSTPLFFSRPEGGGNGVRFPGKSQIGDRGSALFEDQAITAVNRFHNVMAGQPEELSNPNGNNQIFMNQRGSHGVVLANAGSSSVSINTATKLPDGRYDNKAGAGSFQVNDGKLTGTINARSVAVLYPD,0.721497991
TDLIQRPRRLRKSPALRAMFEETTLSLNDLVLPIFVEEEIDDYKAVEAMPGVMRIPEKHLAREIERIANAGIRSVMTFGISHHTDETGSDAWREDGLVARMSRICKQTVPEMIVMSDTCFCEYTSHGHCGVLCEHGVDNDATLENLGKQAVVAAAAGADFIAPSAAMDGQVQAIRQALDAAGFKDTAIMSYSTKFASSFYGPFREAAGSALKGDRKSYQMNPMNRREAIRESLLDEAQGADCLMVKPAGAYLDIVRELRERTELPIGAYQVSGEYAMIKFAALAGAIDEEKVVLESLGSIKRAGADLIFSYFALDLAEKKILR,0.721497991
MRHLRTAVATAGLGFAAALGLGTAPVVTAAPAPATPSTPAPSTIAAYNGSGENAAANRAFFDAVLKSVAEKRAAQPGIKAVTVTYSAAGAPSFRTQIANSTQIWNSSVSNVRLQEGSNADFTYREGNDPRGSYASTDGHGRGYIFLDYRQNQQYDSTRVTTHETGHVLGLPDTYSGPCSQLMSGGGPGPSCTNAQPDANERARVNQLWQNGFVARAAADLS,0.721497991
ATAPSIKSGTILHAWNWSFNTLKHNMKDIHDAGYTAIQTSPINQVKEGNQGDKSMSNWYWLYQPTSYQIGNRYLGTEQEFKEMCAAAEEYGIKVIVDAVMNHTTSDYAAISNEVKSIPNWTHGNTPIKNWNDRWDVTQNSLLGLYDWNTQNTQVQSYLKRFLDRALNDGADGFRFDAAKHIELPDDGSYGSMFWPNITNTSAEFQYGEILQDSVSRDAAYANYMDITASNYGHSIRSALKNRNLGVSNISHYAIDVSADKLVTWVESHDTYANDDEESTWMSDDDIRLGWAVIASRSGSTPLFFSRPEGGGNGVRFPGKSQIGDRGSALFEDQAITAVNRFHNVMAGQPEELSNPNGNNQIFMNQRGSHGVVLANAGSSSVSINTATKLPDGRYDNKAGAGSFQVNDGKLTGTINARSVAVLYPD,0.720987602
ATAPSIKSGTILHAWNWSFNTLKHNMKDIHDAGYTAIQTSPINQVKEGNQGDKSMSNWYWLYQPTSYQIGNRYLGTEQEFKEMCAAAEEYGIKVIVDAVMNHTTSDYAAISNEVKSIPNWTHGNTPIKNWSDRWDVTQNSLYGLYDWNTQNTQVQSYLKRFLDRALNDGADGFRFDAAKHIELPDDGWYGSQFWPNITNTSAEFQYGEILQDSVSRDAAYANYMDVTASNYGHSIRSALKNRNLGVSNISHYAIDVSADKLVTWVESHDTYANDDEESTWMSDDDIRLGWAVIASRSGSTPLFFSRPEGGGNGVRFPGKSQIGDRGSALFEDQAITAVNRFHNVMAGQPEELSNPNGNNQIFMNQRGSHGVVLANAGSSSVSINTATKLPDGRYDNKAGAGSFQVNDGKLTGTINARSVAVLYPD,0.676366338
ATAPSIKSGTILHAWNWSFNTLKHNMKDIHDAGYTAIQTSPINQVKEGNQGDKSMSNWYWLYQPTSYQIGNRYLGTEQEFKEMCAAAEEYGIKVIVDAVMNHTTSDYAAISNEVKSIPNWTHGNTPIKNWSDRWDVTQNSLYGLWDWNTQNTQVQSYLKRFLDRALNDGADGFRFDAAKHIELPDDGWYGSQFWPNITNTSAEFQYGEILQDSVSRDAAYANYMDVTASNYGHSIRSALKNRNLGVSNISHYAIDVSADKLVTWVESHDTYANDDEESTWMSDDDIRLGWAVIASRSGSTPLFFSRPEGGGNGVRFPGKSQIGDRGSALFEDQAITAVNRFHNVMAGQPEELSNPNGNNQIFMNQRGSHGVVLANAGSSSVSINTATKLPDGRYDNKAGAGSFQVNDGKLTGTINARSVAVLYPD,0.67383201
ATAPSIKSGTILHAWNWSFNTLKHNMKDIHDAGYTAIQTSPINQVKEGNQGDKSMSNWYWLYQPTSYQIGNRYLGTEQEFWEMCAAAEEYGIKVIVDAVLNHTTSDYAAISNEVKSIPNWTHGNTPIKNWSDRWDVTQNSLLGLYDWNTQNTQVQSYLKRFLDRALNDGADGFRFDAAKHIELPDDGWYGGQFWPNITNTSAEFQYGEILQDSVSRDAAYANYMDITASNYGHSIRSALKNRNLGVSNISHYAIDVSADKLVTWVESHDTYANDDEESTWMSDDDIRLGWAVIASRSGSTPLFFSRPEGGGNGVRFPGKSQIGDRGSALFEDQAITAVNRFHNVMAGQPEELSNPNGNNQIFMNQRGSHGVVLANAGSSSVSINTATKLPDGRYDNKAGAGSFQVNDGKLTGTINARSVAVLYPD,0.673199104
MRDIERLVAGFKRFQDHYYTSHPDLFGQLSQGQNPQAFVVTCADSRVEPALLTNCEPGELFNLRNITNVLPPFERDDKEHALHASIAFAVEELHVKKIVVLAHSNCGGIRALMQGSDSGEGDLSYVNEWVAIAEPAKQVVRNNYPDLEPDQLRRLCERESIMVSLENLMTFPFIAERVAQGELTIHAWYYNIAKGELLNLNQQTSEMTVIA,0.673199104
ATAPSIKSGTILHAWNWSFNTLKHNMKDIHDAGYTAIQTSPINQVKEGNQGDKSMSNWYWLYQPTSYQIGNRYLGTEQEFWEMCAAAEEYGIKVIVDAVLNHTTSDYAAISNEVKSIPNWTHGNTPIKNWSDRWDVTQNSLYGLYDWNTQNTQVQSYLKRFLDRALNDGADGFRFDAAKHIELPDDGSYGGQFWPNITNTSAEFQYGEILQDSVSRDAAYANYMDITASNYGHSIRSALKNRNLGVSNISHYAIDVSADKLVTWVESHDTYANDDEESTWMSDDDIRLGWAVIASRSGSTPLFFSRPEGGGNGVRFPGKSQIGDRGSALFEDQAITAVNRFHNVMAGQPEELSNPNGNNQIFMNQRGSHGVVLANAGSSSVSINTATKLPDGRYDNKAGAGSFQVNDGKLTGTINARSVAVLYPD,0.590879914
ATAPSIKSGTILHAWNWSFNTLKHNMKDIHDAGYTAIQTSPINQVKEGNQGDKSMSNWYWLYQPTSYQIGNRYLGTEQEFKEMCAAAEEYGIKVIVDAVMNHTTSDYAAISNEVKSIPNWTHGNTPIKNWSDRWDVTQNSLYGLYDWNTQNTQVQSYLKRFLDRALNDGADGFRFDAAKHIELPDDGSYGSQFWPNITNTSAEFQYGEILQDSVSRDAAYANYMDVTASNYGHSIRSALKNRNLGVSNISHYAIDVSADKLVTWVESHDTYANDDEESTWMSDDDIRLGWAVIASRSGSTPLFFSRPEGGGNGVRFPGKSQIGDRGSALFEDQAITAVNRFHNVMAGQPEELSNPNGNNQIFMNQRGSHGVVLANAGSSSVSINTATKLPDGRYDNKAGAGSFQVNDGKLTGTINARSVAVLYPD,0.58826723
ATAPSIKSGTILHAWNWSFNTLKHNMKDIHDAGYTAIQTSPINQVKEGNQGDKSMSNWYWLYQPTSYQIGNRYLGTEQEFKEMCAAAHEYGIKVIVDAVMNHTTSDYAAISNEVKSIPNWTHGNTPIKNWSDRWDVTQNSLYGLYDWNTQNTQVQSYLKRFLDRALNDGADGFRFDAAKHIELPDDGWYGSQFWPNITNTSAEFQYGEILQDSVSRDAAYANYMDVTASNYGHSIRSALKNRNLGVSNISHYAIDVSADKLVTWVESHDTYANDDEESTWMSDDDIRLGWAVIASRSGSTPLFFSRPEGGGNGVRFPGKSQIGDRGSALFEDQAITAVNRFHNVMAGQPEELSNPNGNNQIFMNQRGSHGVVLANAGSSSVSINTATKLPDGRYDNKAGAGSFQVNDGKLTGTINARSVAVLYPD,0.559853071
ATAPSIKSGTILHAWNWSFNTLKHNMKDIHDAGYTAIQTSPINQVKEGNQGDKSMSNWYWLYQPTSYQIGNRYLGTEQEFKEMCAAAHEYGIKVIVDAVMNHTTSDYAAISNEVKSIPNWTHGNTPIKNWNDRWDVTQNSLLGLYDWNTQNTQVQSYLKRFLDRALNDGADGFRFDAAKHIELPDDGWYGSQFWPNITNTSAEFQYGEILQDSVSRDAAYANYMDVTASNYGHSIRSALKNRNLGVSNISHYAIDVSADKLVTWVESHDTYANDDEESTWMSDDDIRLGWAVIASRSGSTPLFFSRPEGGGNGVRFPGKSQIGDRGSALFEDQAITAVNRFHNVMAGQPEELSNPNGNNQIFMNQRGSHGVVLANAGSSSVSINTATKLPDGRYDNKAGAGSFQVNDGKLTGTINARSVAVLYPD,0.54837693
ATAPSIKSGTILHAWNWSFNTLKHNMKDIHDAGYTAIQTSPINQVKEGNQGDKSMSNWYWLYQPTSYQIGNRYLGTEQEFWEMCAAAEEYGIKVIVDAVLNHTTSDYAAISNEVKSIPNWTHGNTPIKNWSDRWDVTQNSLLGLYDWNTQNTQVQSYLKRFLDRALNDGADGFRFDAAKHIELPDDGWYGSQFWPNITNTSAEFQYGEILQDSVSRDAAYANYMDVTASNYGHSIRSALKNRNLGVSNISHYAIDVSADKLVTWVESHDTYANDDEESTWMSDDDIRLGWAVIASRSGSTPLFFSRPEGGGNGVRFPGKSQIGDRGSALFEDQAITAVNRFHNVMAGQPEELSNPNGNNQIFMNQRGSHGVVLANAGSSSVSINTATKLPDGRYDNKAGAGSFQVNDGKLTGTINARSVAVLYPD,0.513255055
ATAPSIKSGTILHAWNWSFNTLKHNMKDIHDAGYTAIQTSPINQVKEGNQGDKSMSNWYWLYQPTSYQIGNRYLGTEQEFKEMCAAAEEYGIKVIVDAVMNHTTSDYAAISNEVKSIPNWTHGNTPIKNWNDRWDVTQNSLLGLYDWNTQNTQVQSYLKRFLDRALNDGADGFRFDAAKHIELPDDGWYGSQFWPNITNTSAEFQYGEILQDSVSRDAAYANYMDVTASNYGHSIRSALKNRNLGVSNISHYAIDVSADKLVTWVESHDTYANDDEESTWMSDDDIRLGWAVIASRSGSTPLFFSRPEGGGNGVRFPGKSQIGDRGSALFEDQAITAVNRFHNVMAGQPEELSNPNGNNQIFMNQRGSHGVVLANAGSSSVSINTATKLPDGRYDNKAGAGSFQVNDGKLTGTINARSVAVLYPD,0.504819762
ATAPSIKSGTILHAWNWSFNTLKHNMKDIHDAGYTAIQTSPINQVKEGNQGDKSMSNWYWLYQPTSYQIGNRYLGTEQEFKEMCAAAHEYGIKVIVDAVMNHTTSDYAAISNEVKSIPNWTHGNTPIKNWSDRWDVTQNSLLGLYDWNTQNTQVQSYLKRFLDRALNDGADGFRFDAAKHIELPDDGSYGSMFWPNITNTSAEFQYGEILQDSVSRDAAYANYMDVTASNYGHSIRSALKNRNLGVSNISHYAIDVSADKLVTWVESHDTYANDDEESTWMSDDDIRLGWAVIASRSGSTPLFFSRPEGGGNGVRFPGKSQIGDRGSALFEDQAITAVNRFHNVMAGQPEELSNPNGNNQIFMNQRGSHGVVLANAGSSSVSINTATKLPDGRYDNKAGAGSFQVNDGKLTGTINARSVAVLYPD,0.468174358
ATAPSIKSGTILHAWNWSFNTLKHNMKDIHDAGYTAIQTSPINQVKEGNQGDKSMSNWYWLYQPTSYQIGNRYLGTEQEFKEMCAAAEEYGIKVIVDAVMNHTTSDYAAISNEVKSIPNWTHGNTPIKNWSDRWDVTQNSLYGLYDWNTQNTQVQSYLKRFLDRALNDGADGFRFDAAKHIELPDDGWYGGQFWPNITNTSAEFQYGEILQDSVSRDAAYANYMDITASNYGHSIRSALKNRNLGVSNISHYAIDVSADKLVTWVESHDTYANDDEESTWMSDDDIRLGWAVIASRSGSTPLFFSRPEGGGNGVRFPGKSQIGDRGSALFEDQAITAVNRFHNVMAGQPEELSNPNGNNQIFMNQRGSHGVVLANAGSSSVSINTATKLPDGRYDNKAGAGSFQVNDGKLTGTINARSVAVLYPD,0.388687006
ATAPSIKSGTILHAWNWSFNTLKHNMKDIHDAGYTAIQTSPINQVKEGNQGDKSMSNWYWLYQPTSYQIGNRYLGTEQEFKEMCAAAEEYGIKVIVDAVLNHTTSDYAAISNEVKSIPNWTHGNTPIKNWSDRWDVTQNSLLGLYDWNTQNTQVQSYLKRFLDRALNDGADGFRFDAAKHIELPDDGWYGGQFWPNITNTSAEFQYGEILQDSVSRDAAYANYMDITASNYGHSIRSALKNRNLGVSNISHYAIDVSADKLVTWVESHDTYANDDEESTWMSDDDIRLGWAVIASRSGSTPLFFSRPEGGGNGVRFPGKSQIGDRGSALFEDQAITAVNRFHNVMAGQPEELSNPNGNNQIFMNQRGSHGVVLANAGSSSVSINTATKLPDGRYDNKAGAGSFQVNDGKLTGTINARSVAVLYPD,0.385153988
MDDIDLLLDNNKHWSQAMQQRDPAFFSRLAGQQSPRYLWIGCSDSRVPANEIVGLLPGEVFVHRNIANLIVHTDLNCLSVIQYAVDVLKVRHVMVVGHYGCGGVQAALRGQRVGLADYWLRHLEDLRHIHGRRLALEPVEADQVNRLCEINVIEQVCNVSRLEVVRAAWQRGQPVSVHGLIYGLHDGVLRNLGASMQGPVNLVAWRKAALRGLWSREQRASPA,0.363736801
ATAPSIKSGTILHAWNWSFNTLKHNMKDIHDAGYTAIQTSPINQVKEGNQGDKSMSNWYWLYQPTSYQIGNRYLGTEQEFWEMCAAAEEYGIKVIVDAVLNHTTSDYAAISNEVKSIPNWTHGNTPIKNWSDRWDVTQNSLLGLYDWNTQNTQVQSYLKRFLDRALNDGADGFRFDAAKHIELPDDGWYGGQFWPNITNTSAEFQYGEILQDSVSRDAAYANYMDVTASNYGHSIRSALKNRNLGVSNISHYAIDVSADKLVTWVESHDTYANDDEESTWMSDDDIRLGWAVIASRSGSTPLFFSRPEGGGNGVRFPGKSQIGDRGSALFEDQAITAVNRFHNVMAGQPEELSNPNGNNQIFMNQRGSHGVVLANAGSSSVSINTATKLPDGRYDNKAGAGSFQVNDGKLTGTINARSVAVLYPD,0.363736801
ATAPSIKSGTILHAWNWSFNTLKHNMKDIHDAGYTAIQTSPINQVKEGNQGDKSMSNWYWLYQPTSYQIGNRYLGTEQEFKEMCAAAEEYGIKVIVDAVLNHTTSDYAAISNEVKSIPNWTHGNTPIKNWSDRWDVTQNSLLGLYDWNTQNTQVQSYLKRFLDRALNDGADGFRFDAAKHIELPDDGSYGGQFWPNITNTSAEFQYGEILQDSVSRDAAYANYMDVTASNYGHSIRSALKNRNLGVSNISHYAIDVSADKLVTWVESHDTYANDDEESTWMSDDDIRLGWAVIASRSGSTPLFFSRPEGGGNGVRFPGKSQIGDRGSALFEDQAITAVNRFHNVMAGQPEELSNPNGNNQIFMNQRGSHGVVLANAGSSSVSINTATKLPDGRYDNKAGAGSFQVNDGKLTGTINARSVAVLYPD,0.235766039
ATAPSIKSGTILHAWNWSFNTLKHNMKDIHDAGYTAIQTSPINQVKEGNQGDKSMSNWYWLYQPTSYQIGNRYLGTEQEFKEMCAAAEEYGIKVIVDAVMNHTTSDYAAISNEVKSIPNWTHGNTPIKNWSDRWDVTQNSLLGLYDWNTQNTQVQSYLKRFLDRALNDGADGFRFDAAKHIELPDDGWYGGQFWPNITNTSAEFQYGEILQDSVSRDAAYANYMDVTASNYGHSIRSALKNRNLGVSNISHYAIDVSADKLVTWVESHDTYANDDEESTWMSDDDIRLGWAVIASRSGSTPLFFSRPEGGGNGVRFPGKSQIGDRGSALFEDQAITAVNRFHNVMAGQPEELSNPNGNNQIFMNQRGSHGVVLANAGSSSVSINTATKLPDGRYDNKAGAGSFQVNDGKLTGTINARSVAVLYPD,0.21286709
ATAPSIKSGTILHAWNWSFNTLKHNMKDIHDAGYTAIQTSPINQVKEGNQGDKSMSNWYWLYQPTSYQIGNRYLGTEQEFWEMCAAAEEYGIKVIVDAVLNHTTSDYAAISNEVKSIPNWTHGNTPIKNWSDRWDVTQNSLYGLYDWNTQNTQVQSYLKRFLDRALNDGADGFRFDAAKHIELPDDGSYGGQFWPNITNTSAEFQYGEILQDSVSRDAAYANYMDVTASNYGHSIRSALKNRNLGVSNISHYAIDVSADKLVTWVESHDTYANDDEESTWMSDDDIRLGWAVIASRSGSTPLFFSRPEGGGNGVRFPGKSQIGDRGSALFEDQAITAVNRFHNVMAGQPEELSNPNGNNQIFMNQRGSHGVVLANAGSSSVSINTATKLPDGRYDNKAGAGSFQVNDGKLTGTINARSVAVLYPD,0.144626295
ATAPSIKSGTILHAWNWSFNTLKHNMKDIHDAGYTAIQTSPINQVKEGNQGDKSMSNWYWLYQPTSYQIGNRYLGTEQEFWEMCAAAEEYGIKVIVDAVLNHTTSDYAAISNEVKSIPNWTHGNTPIKNWSDRWDVTQNSLLGLYDWNTQNTQVQSYLKRFLDRALNDGADGFRFDAAKHIELPDDGSYGGQFWPNITNTSAEFQYGEILQDSVSRDAAYANYMDVTASNYGHSIRSALKNRNLGVSNISHYAIDVSADKLVTWVESHDTYANDDEESTWMSDDDIRLGWAVIASRSGSTPLFFSRPEGGGNGVRFPGKSQIGDRGSALFEDQAITAVNRFHNVMAGQPEELSNPNGNNQIFMNQRGSHGVVLANAGSSSVSINTATKLPDGRYDNKAGAGSFQVNDGKLTGTINARSVAVLYPD,0.119704017
MKKLFEGLLHFQKHFYDNDDQLFSQLKNGQTPRVLLIACTDSRIDPNLITHTMPGDLFVMRNMGNLIPTHGLGGRFSSISAAIEYGLLNLQVEDVIVCGHSDCGAMNALHTHPKLKNLLPVLAAWLKLAEPTQRITAQHPGSTDEEIRHVNIANVLEQMEHLRTYPLVGELLQDGQLRLYGWYYIIETGHIYNYNDNRKAFKLIENEK,0.119704017
ATAPSIKSGTILHAWNWSFNTLKHNMKDIHDAGYTAIQTSPINQVKEGNQGDKSMSNWYWLYQPTSYQIGNRYLGTEQEFKEMCAAAEEYGIKVIVDAVMNHTTSDYAAISNEVKSIPNWTHGNTPIKNWSDRWDVTQNSLLGLYDWNTQNTQVQSYLKRFLDRALNDGADGFRFDAAKHIELPDDGSYGGQFWPNITNTSAEFQYGEILQDSVSRDAAYANYMDVTASNYGHSIRSALKNRNLGVSNISHYAIDVSADKLVTWVESHDTYANDDEESTWMSDDDIRLGWAVIASRSGSTPLFFSRPEGGGNGVRFPGKSQIGDRGSALFEDQAITAVNRFHNVMAGQPEELSNPNGNNQIFMNQRGSHGVVLANAGSSSVSINTATKLPDGRYDNKAGAGSFQVNDGKLTGTINARSVAVLYPD,0
ATAPSIKSGTILHAWNWSFNTLKHNMKDIHDAGYTAIQTSPINQVKEGNQGDKSMSNWYWLYQPTSYQIGNRYLGTEQEFKEMCAAAHEYGIKVIVDAVMNHTTSDYAAISNEVKSIPNWTHGNTPIKNWSDRWDVTQNSLYGLWDWNTQNTQVQSYLKRFLDRALNDGADGFRFDAAKHIELPDDGWYGSMFWPNITNTSAEFQYGEILQDSVSRDAAYANYMDITASNYGHSIRSALKNRNLGVSNISHYAIDVSADKLVTWVESHDTYANDDEESTWMSDDDIRLGWAVIASRSGSTPLFFSRPEGGGNGVRFPGKSQIGDRGSALFEDQAITAVNRFHNVMAGQPEELSNPNGNNQIFMNQRGSHGVVLANAGSSSVSINTATKLPDGRYDNKAGAGSFQVNDGKLTGTINARSVAVLYPD,
ATAPSIKSGTILHAWNWSFNTLKHNMKDIHDAGYTAIQTSPINQVKEGNQGDKSMSNWYWLYQPTSYQIGNRYLGTEQEFKEMCAAAHEYGIKVIVDAVMNHTTSDYAAISNEVKSIPNWTHGNTPIKNWSDRWDVTQNSLLGLYDWNTQNTQVQSYLKRFLDRALNDGADGFRFDAAKHIELPDDGWYGSQFWPNITNTSAEFQYGEILQDSVSRDAAYANYMDITASNYGHSIRSALKNRNLGVSNISHYAIDVSADKLVTWVESHDTYANDDEESTWMSDDDIRLGWAVIASRSGSTPLFFSRPEGGGNGVRFPGKSQIGDRGSALFEDQAITAVNRFHNVMAGQPEELSNPNGNNQIFMNQRGSHGVVLANAGSSSVSINTATKLPDGRYDNKAGAGSFQVNDGKLTGTINARSVAVLYPD,
ATAPSIKSGTILHAWNWSFNTLKHNMKDIHDAGYTAIQTSPINQVKEGNQGDKSMSNWYWLYQPTSYQIGNRYLGTEQEFKEMCAAAHEYGIKVIVDAVMNHTTSDYAAISNEVKSIPNWTHGNTPIKNWSDRWDVTQNSLLGLWDWNTQNTQVQSYLKRFLDRALNDGADGFRFDAAKHIELPDDGWYGSMFWPNITNTSAEFQYGEILQDSVSRDAAYANYMDITASNYGHSIRSALKNRNLGVSNISHYAIDVSADKLVTWVESHDTYANDDEESTWMSDDDIRLGWAVIASRSGSTPLFFSRPEGGGNGVRFPGKSQIGDRGSALFEDQAITAVNRFHNVMAGQPEELSNPNGNNQIFMNQRGSHGVVLANAGSSSVSINTATKLPDGRYDNKAGAGSFQVNDGKLTGTINARSVAVLYPD,
ATAPSIKSGTILHAWNWSFNTLKHNMKDIHDAGYTAIQTSPINQVKEGNQGDKSMSNWYWLYQPTSYQIGNRYLGTEQEFKEMCAAAHEYGIKVIVDAVMNHTTSDYAAISNEVKSIPNWTHGNTPIKNWSDRWDVTQNSLLGLWDWNTQNTQVQSYLKRFLDRALNDGADGFRFDAAKHIELPDDGSYGSQFWPNITNTSAEFQYGEILQDSVSRDAAYANYMDVTASNYGHSIRSALKNRNLGVSNISHYAIDVSADKLVTWVESHDTYANDDEESTWMSDDDIRLGWAVIASRSGSTPLFFSRPEGGGNGVRFPGKSQIGDRGSALFEDQAITAVNRFHNVMAGQPEELSNPNGNNQIFMNQRGSHGVVLANAGSSSVSINTATKLPDGRYDNKAGAGSFQVNDGKLTGTINARSVAVLYPD,
ATAPSIKSGTILHAWNWSFNTLKHNMKDIHDAGYTAIQTSPINQVKEGNQGDKSMSNWYWLYQPTSYQIGNRYLGTEQEFKEMCAAAHEYGIKVIVDAVMNHTTSDYAAISNEVKSIPNWTHGNTPIKNWNDRWDVTQNSLLGLYDWNTQNTQVQSYLKRFLDRALNDGADGFRFDAAKHIELPDDGWYGSMFWPNITNTSAEFQYGEILQDSVSRDAAYANYMDVTASNYGHSIRSALKNRNLGVSNISHYAIDVSADKLVTWVESHDTYANDDEESTWMSDDDIRLGWAVIASRSGSTPLFFSRPEGGGNGVRFPGKSQIGDRGSALFEDQAITAVNRFHNVMAGQPEELSNPNGNNQIFMNQRGSHGVVLANAGSSSVSINTATKLPDGRYDNKAGAGSFQVNDGKLTGTINARSVAVLYPD,
ATAPSIKSGTILHAWNWSFNTLKHNMKDIHDAGYTAIQTSPINQVKEGNQGDKSMSNWYWLYQPTSYQIGNRYLGTEQEFKEMCAAAHEYGIKVIVDAVMNHTTSDYAAISNEVKSIPNWTHGNTPIKNWNDRWDVTQNSLLGLYDWNTQNTQVQSYLKRFLDRALNDGADGFRFDAAKHIELPDDGWYGSMFWPNITNTSAEFQYGEILQDSVSRDAAYANYMDITASNYGHSIRSALKNRNLGVSNISHYAIDVSADKLVTWVESHDTYANDDEESTWMSDDDIRLGWAVIASRSGSTPLFFSRPEGGGNGVRFPGKSQIGDRGSALFEDQAITAVNRFHNVMAGQPEELSNPNGNNQIFMNQRGSHGVVLANAGSSSVSINTATKLPDGRYDNKAGAGSFQVNDGKLTGTINARSVAVLYPD,
ATAPSIKSGTILHAWNWSFNTLKHNMKDIHDAGYTAIQTSPINQVKEGNQGDKSMSNWYWLYQPTSYQIGNRYLGTEQEFKEMCAAAHEYGIKVIVDAVMNHTTSDYAAISNEVKSIPNWTHGNTPIKNWNDRWDVTQNSLLGLYDWNTQNTQVQSYLKRFLDRALNDGADGFRFDAAKHIELPDDGSYGSQFWPNITNTSAEFQYGEILQDSVSRDAAYANYMDVTASNYGHSIRSALKNRNLGVSNISHYAIDVSADKLVTWVESHDTYANDDEESTWMSDDDIRLGWAVIASRSGSTPLFFSRPEGGGNGVRFPGKSQIGDRGSALFEDQAITAVNRFHNVMAGQPEELSNPNGNNQIFMNQRGSHGVVLANAGSSSVSINTATKLPDGRYDNKAGAGSFQVNDGKLTGTINARSVAVLYPD,
ATAPSIKSGTILHAWNWSFNTLKHNMKDIHDAGYTAIQTSPINQVKEGNQGDKSMSNWYWLYQPTSYQIGNRYLGTEQEFKEMCAAAHEYGIKVIVDAVMNHTTSDYAAISNEVKSIPNWTHGNTPIKNWNDRWDVTQNSLLGLWDWNTQNTQVQSYLKRFLDRALNDGADGFRFDAAKHIELPDDGSYGSMFWPNITNTSAEFQYGEILQDSVSRDAAYANYMDITASNYGHSIRSALKNRNLGVSNISHYAIDVSADKLVTWVESHDTYANDDEESTWMSDDDIRLGWAVIASRSGSTPLFFSRPEGGGNGVRFPGKSQIGDRGSALFEDQAITAVNRFHNVMAGQPEELSNPNGNNQIFMNQRGSHGVVLANAGSSSVSINTATKLPDGRYDNKAGAGSFQVNDGKLTGTINARSVAVLYPD,
ATAPSIKSGTILHAWNWSFNTLKHNMKDIHDAGYTAIQTSPINQVKEGNQGDKSMSNWYWLYQPTSYQIGNRYLGTEQEFKEMCAAAEEYGIKVIVDAVMNHTTSDYAAISNEVKSIPNWTHGNTPIKNWSDRWDVTQNSLLGLYDWNTQNTQVQSYLKRFLDRALNDGADGFRFDAAKHIELPDDGSYGSMFWPNITNTSAEFQYGEILQDSVSRDAAYANYMDVTASNYGHSIRSALKNRNLGVSNISHYAIDVSADKLVTWVESHDTYANDDEESTWMSDDDIRLGWAVIASRSGSTPLFFSRPEGGGNGVRFPGKSQIGDRGSALFEDQAITAVNRFHNVMAGQPEELSNPNGNNQIFMNQRGSHGVVLANAGSSSVSINTATKLPDGRYDNKAGAGSFQVNDGKLTGTINARSVAVLYPD,
ATAPSIKSGTILHAWNWSFNTLKHNMKDIHDAGYTAIQTSPINQVKEGNQGDKSMSNWYWLYQPTSYQIGNRYLGTEQEFKEMCAAAEEYGIKVIVDAVMNHTTSDYAAISNEVKSIPNWTHGNTPIKNWNDRWDVTQNSLLGLWDWNTQNTQVQSYLKRFLDRALNDGADGFRFDAAKHIELPDDGWYGSMFWPNITNTSAEFQYGEILQDSVSRDAAYANYMDVTASNYGHSIRSALKNRNLGVSNISHYAIDVSADKLVTWVESHDTYANDDEESTWMSDDDIRLGWAVIASRSGSTPLFFSRPEGGGNGVRFPGKSQIGDRGSALFEDQAITAVNRFHNVMAGQPEELSNPNGNNQIFMNQRGSHGVVLANAGSSSVSINTATKLPDGRYDNKAGAGSFQVNDGKLTGTINARSVAVLYPD,
ATAPSIKSGTILHAWNWSFNTLKHNMKDIHDAGYTAIQTSPINQVKEGNQGDKSMSNWYWLYQPTSYQIGNRYLGTEQEFKEMCAAAEEYGIKVIVDAVLNHTTSDYAAISNEVKSIPNWTHGNTPIKNWSDRWDVTQNSLYGLYDWNTQNTQVQSYLKRFLDRALNDGADGFRFDAAKHIELPDDGSYGSQFWPNITNTSAEFQYGEILQDSVSRDAAYANYMDITASNYGHSIRSALKNRNLGVSNISHYAIDVSADKLVTWVESHDTYANDDIESTWMSDDDIRLGWAVIASRSGSTPLFFSRPEGGGNGVRFPGKSQIGDRGSALFEDQAITAVNRFHNVMAGQPEELSNPNGVNQIFMNQRGSHGVVLANAGSSSVSINTATKLPDGRYDNKAGAGSFQVNDGKLTGTINARSVAVLYPD,
ATAPSIKSGTILHAWNWSFNTLKHNMKDIHDAGYTAIQTSPIMQVKEGNQGDKSMSNWYWLYQPTSYHIGNRYLGTEQEFKEMCAAAEEYGIKVIVDAVLNHTTSDYAAISNEVKSIPNWTHGNTPIKNWSDRWDVTQHSLYGLYDWNTQNTQVQSYLKRFLDRALNDGADGFRFDAAKHIELPDDGSYGSQFWPNITNTSAEFQYGEILQDSVSRDAAYANYMDVTASNYGHSIRSALKNRNLGVSNISHYAIDVSADKLVTWVESHDTYANDDEESTWMSDDDIRLGWAVIASRSGSTPLFFSRPEGGGNGVRFPGKSQIGDRGSALFEDQAITAVNRFHNVMAGQPEELSNPNGNNQIFMNQRGSHGVVLANAGSSSVSINTATKLPDGRYDNKAGAGSFQVNDGKLTGTINARSVAVLYPD,
